brand,model_year,mileage,fuel_type,transmission,engine_size,horsepower,body_type,color,num_cylinders,fuel_efficiency,mileage_category,owner_count,is_accident_free,has_service_history,age_years,price,price_per_hp,price_per_cc
Ford,2018,196749,LPG,Automatic,4.2,446,Pickup,Brown,4,18.3,Medium,3,0,0,6,35686.15997627968,80.01381160600826,8.496704756257067
Mercedes-Benz,2019,2659,Petrol,Semi-Automatic,2.8,180,Wagon,Blue,12,42.0,Low,1,1,0,5,42321.95168780242,235.12195382112458,15.114982745643722
Mazda,2023,86516,Petrol,CVT,3.9,447,Sedan,Orange,12,35.0,Low,2,0,1,1,22835.593612051813,51.08633917684969,5.855280413346619
Lexus,2018,74567,Petrol,Automatic,3.3,397,Coupe,Blue,6,28.7,Low,3,0,1,6,78286.15333803195,197.1943409018437,23.72307676910059
Kia,2016,15037,Electric,Manual,3.0,447,Coupe,Green,12,18.7,Medium,1,1,0,8,48300.718919238905,108.05529959561277,16.100239639746302
Chevrolet,2013,126498,Electric,CVT,1.8,320,Sedan,Yellow,8,23.4,High,1,0,0,11,27277.246403120225,85.2413950097507,15.154025779511237
Mazda,2014,177810,Diesel,Automatic,2.9,490,Hatchback,Gray,6,48.4,Low,2,0,0,10,7681.546825950751,15.676626175409694,2.648809250327845
Audi,2010,235037,Diesel,Manual,2.0,326,Pickup,Green,6,30.8,High,1,0,0,14,8885.413782337937,27.25587049796913,4.442706891168968
Ford,2023,202750,Petrol,Manual,4.7,242,Convertible,Red,12,26.0,Low,3,1,0,1,26174.76548484252,108.1601879538947,5.569099039328195
Hyundai,2010,12109,LPG,Semi-Automatic,2.3,451,Coupe,White,4,30.9,High,1,1,1,14,14060.382067672985,31.176013453820364,6.113209594640428
BMW,2012,22010,Diesel,CVT,4.8,252,SUV,Green,4,41.2,Medium,2,1,1,12,23843.191581518004,94.61583960919843,4.967331579482917
Ford,2022,8787,Diesel,Manual,3.1,114,Convertible,Red,4,23.6,Low,3,0,0,2,56006.831289738075,491.28799376963224,18.06671977088325
Kia,2023,239472,Electric,Automatic,3.5,363,Coupe,Red,4,17.1,Low,1,1,1,1,59483.878699371024,163.86743443352898,16.995393914106007
Kia,2017,139544,LPG,Manual,3.2,438,Pickup,Gray,6,33.4,Low,1,0,1,7,9318.656419719924,21.27547127789937,2.9120801311624764
Chevrolet,2023,246183,Petrol,Manual,1.5,460,Hatchback,White,6,36.6,Medium,1,0,0,1,14167.221077914694,30.7983066911189,9.44481405194313
Audi,2011,154455,Diesel,Semi-Automatic,2.5,437,Pickup,Black,12,38.5,Medium,3,0,1,13,20976.84180745751,48.001926332854715,8.390736722983004
Mercedes-Benz,2013,61709,LPG,Semi-Automatic,1.4,472,SUV,Silver,4,45.3,High,1,0,0,11,23321.062171532143,49.409030024432504,16.657901551094387
Chevrolet,2011,200857,LPG,Automatic,3.5,478,Pickup,Orange,4,24.8,Medium,2,0,1,13,6657.861453989143,13.928580447676032,1.9022461297111837
Chevrolet,2023,244325,Petrol,Semi-Automatic,2.8,100,Convertible,Brown,12,13.0,Low,3,0,1,1,23138.481711349712,231.38481711349712,8.263743468339182
BMW,2014,34518,LPG,Manual,4.1,387,SUV,Brown,12,48.3,High,3,0,1,10,32671.55979504712,84.42263512932072,7.9686731207432
Volkswagen,2018,53909,LPG,Manual,1.9,242,Sedan,Brown,12,27.4,Medium,1,0,1,6,32823.23371846463,135.63319718373813,17.275386167612965
Audi,2010,18351,LPG,Semi-Automatic,1.7,176,Wagon,Black,8,34.9,High,3,1,1,14,13542.098894576815,76.94374371918644,7.965940526221656
Honda,2014,200696,Diesel,Manual,2.6,386,Sedan,Silver,12,36.7,High,2,1,0,10,15172.513365178953,39.30702944346879,5.835582063530366
Chevrolet,2023,184402,Petrol,Manual,4.7,418,Convertible,Brown,12,31.9,High,3,0,1,1,58171.67602389655,139.1666890523841,12.376952345509904
Nissan,2018,15282,LPG,Automatic,3.8,134,Wagon,Silver,8,18.2,Low,2,1,0,6,32282.107862325865,240.91125270392436,8.495291542717332
Subaru,2010,215938,LPG,Semi-Automatic,2.7,412,Sedan,Orange,4,40.2,Low,1,1,1,14,5000.0,12.135922330097088,1.8518518518518519
Volkswagen,2018,239017,Diesel,Manual,3.1,206,Wagon,Brown,6,42.2,Medium,3,1,1,6,17694.027851285227,85.89333908390887,5.7077509197694285
Honda,2017,152850,Petrol,Semi-Automatic,1.3,272,Coupe,White,4,32.1,Low,2,0,1,7,26907.6093131091,98.9250342393717,20.698161010083922
Nissan,2013,155336,Electric,Automatic,4.9,322,Pickup,Red,6,29.5,High,1,1,0,11,36750.18481328165,114.13100873689955,7.500037716996256
Audi,2021,190747,Diesel,Semi-Automatic,3.7,428,SUV,Brown,6,14.6,High,2,0,1,3,99923.97162251547,233.4672234170922,27.006478816896074
Toyota,2020,5075,Petrol,Manual,2.1,167,Wagon,Silver,12,13.4,Low,3,1,1,4,27664.461928492765,165.65546064965727,13.173553299282268
Nissan,2019,207020,LPG,Semi-Automatic,3.3,415,Coupe,Red,12,23.6,High,3,1,0,5,27442.64161256915,66.12684725920278,8.315952003808833
Hyundai,2014,179526,Petrol,Manual,1.4,488,Pickup,Gray,8,22.4,Low,2,1,0,10,16499.42391126171,33.81029490012646,11.785302793758365
Volkswagen,2022,28365,Petrol,Manual,4.9,294,Pickup,Brown,4,48.1,High,1,0,0,2,68340.36856673355,232.45023322018216,13.947013993210929
Mazda,2014,203838,Petrol,Manual,1.7,171,Hatchback,Brown,4,41.3,Medium,1,0,1,10,8342.407759506568,48.78601028951209,4.907298682062687
Nissan,2020,179272,Electric,Automatic,3.6,382,Sedan,Green,6,36.4,Medium,1,0,1,4,30095.540664178556,78.78413786434177,8.359872406716265
Tesla,2021,11002,Petrol,Semi-Automatic,2.0,314,Hatchback,Red,12,30.7,Low,1,0,1,3,46491.0110134029,148.06054462867166,23.245505506701452
Toyota,2015,13947,Electric,Automatic,3.9,263,Convertible,Brown,12,16.7,Low,2,0,1,9,43465.043971432235,165.26632688757505,11.14488306959801
Kia,2016,210294,LPG,Semi-Automatic,4.1,117,Coupe,White,4,49.1,Low,3,0,0,8,15636.397094302762,133.6444196094253,3.8137553888543323
Kia,2017,94840,Electric,Automatic,3.7,218,Hatchback,Orange,8,25.0,Low,2,0,0,7,38186.306132774,175.1665418934587,10.320623279128109
Lexus,2023,116219,LPG,CVT,3.5,274,Hatchback,Red,12,14.3,Low,3,0,1,1,63154.356974076116,230.49035391998584,18.044101992593177
Hyundai,2017,78610,LPG,Manual,4.6,94,Pickup,Orange,8,29.8,High,3,0,0,7,10372.261576092491,110.3432082563031,2.254839473063585
Nissan,2020,52142,Electric,Manual,1.3,336,Coupe,Yellow,4,45.0,Medium,2,1,0,4,76198.79678960887,226.78213330240735,58.6144590689299
Nissan,2023,56307,Diesel,Automatic,2.3,214,Pickup,Silver,4,45.5,High,2,1,0,1,44461.73622902788,207.76512256555085,19.33118966479473
Lexus,2022,135565,Hybrid,CVT,2.0,80,SUV,Gray,8,10.4,Medium,1,0,1,2,86446.18814851069,1080.5773518563835,43.22309407425534
Subaru,2011,50085,Petrol,Manual,5.0,128,Wagon,Green,12,45.5,High,3,1,0,13,13859.056783348913,108.27388111991338,2.7718113566697826
Subaru,2018,34228,Hybrid,Semi-Automatic,2.6,175,Convertible,White,4,20.9,High,1,1,1,6,42150.60767162373,240.86061526642132,16.21177218139374
Lexus,2016,210748,Petrol,Automatic,3.9,280,Convertible,Gray,6,11.6,High,1,0,1,8,23352.114219488412,83.40040792674434,5.987721594740618
Subaru,2013,182947,Petrol,Manual,3.7,492,Sedan,Green,4,43.9,Low,2,0,1,11,7055.59644091636,14.340643172594227,1.9069179570044217
BMW,2013,162727,LPG,Manual,1.8,105,Pickup,Gray,12,44.6,Medium,1,1,0,11,11908.812625804258,113.41726310289769,6.616007014335699
Nissan,2020,43472,Petrol,Automatic,2.0,422,Wagon,Gray,6,33.8,Low,1,0,0,4,56567.77049973577,134.04684952544022,28.283885249867886
Ford,2017,49437,Petrol,Automatic,2.1,314,Sedan,Blue,4,33.0,Low,1,1,0,7,16856.59539976507,53.683424840016144,8.02695019036432
Mercedes-Benz,2013,180488,Electric,Semi-Automatic,2.6,428,Convertible,Silver,12,42.5,High,2,0,0,11,31655.658051966282,73.96181787842589,12.175253096910108
Tesla,2022,59711,Hybrid,Semi-Automatic,1.9,323,Wagon,Black,12,41.5,Medium,1,1,1,2,91173.02674008702,282.26943263184836,47.98580354741422
BMW,2015,137888,Electric,Manual,1.1,437,Hatchback,Green,4,45.6,Medium,1,0,1,9,54314.1697301379,124.2887179179357,49.376517936489
Audi,2014,77175,Petrol,Manual,4.5,406,SUV,White,12,32.1,Medium,2,1,1,10,31394.059736840314,77.32527028778402,6.976457719297848
BMW,2012,64307,LPG,Automatic,4.9,475,Hatchback,Red,8,48.7,Medium,2,1,0,12,17478.841203785443,36.797560429021985,3.567110449752131
Ford,2022,243800,Electric,Manual,2.4,430,SUV,Gray,6,49.8,Low,2,1,0,2,59855.38463417886,139.19856891669502,24.939743597574523
Audi,2023,46733,Electric,Manual,2.4,495,Pickup,Gray,8,14.7,Low,3,1,0,1,112862.10722577729,228.0042570217723,47.025878010740534
Tesla,2019,128202,Diesel,Automatic,1.0,453,Coupe,Green,4,44.0,Medium,2,0,1,5,59352.932620104155,131.0219263136957,59.352932620104156
Ford,2020,95028,Petrol,Manual,3.7,483,Sedan,Yellow,8,30.0,Low,3,1,1,4,42417.13780045714,87.820161077551,11.464091297420849
Honda,2011,247522,LPG,Manual,4.3,454,Sedan,Black,4,25.5,Medium,2,0,0,13,5000.0,11.013215859030836,1.1627906976744187
Mercedes-Benz,2018,142312,Electric,CVT,1.6,130,Coupe,Gray,4,34.5,Low,2,1,1,6,117027.69533166444,900.2130410128034,73.14230958229027
Tesla,2019,229306,Electric,Semi-Automatic,1.6,160,Wagon,Brown,12,12.2,High,2,0,1,5,52331.91895869638,327.07449349185237,32.70744934918523
Nissan,2018,92493,LPG,Automatic,4.2,115,Coupe,Blue,12,30.3,High,3,1,0,6,27215.123796119413,236.65325040103838,6.4797913800284315
Subaru,2010,125149,Petrol,CVT,3.5,146,Pickup,Orange,4,44.8,Medium,1,0,0,14,8295.930142853822,56.82143933461522,2.370265755101092
Honda,2019,229416,Diesel,Semi-Automatic,1.2,208,Convertible,Blue,6,18.5,Medium,2,1,1,5,37112.58547702736,178.42589171647768,30.927154564189465
Hyundai,2012,202435,Electric,Semi-Automatic,3.5,449,Coupe,Black,6,27.1,Low,3,1,0,12,17030.089637919635,37.92893015126867,4.865739896548467
Tesla,2017,163834,Diesel,Semi-Automatic,2.2,234,SUV,Brown,6,47.6,Medium,2,0,1,7,27630.72888576777,118.08003797336654,12.559422220803532
Hyundai,2015,8259,Hybrid,CVT,2.5,324,Convertible,Blue,8,27.1,Medium,1,1,0,9,25231.603308676666,77.87531885394033,10.092641323470666
Audi,2014,181211,Petrol,CVT,4.1,190,Coupe,Orange,4,24.3,Low,3,1,1,10,26036.44252427948,137.03390802252358,6.350351835190117
Honda,2014,128775,Hybrid,Semi-Automatic,4.2,247,Sedan,Red,12,27.6,Medium,2,1,0,10,23608.737873944305,95.58193471232512,5.621128065224834
Mercedes-Benz,2015,14849,Hybrid,Manual,2.6,221,Hatchback,Silver,8,30.8,Medium,2,1,0,9,69459.37353524497,314.29580785178723,26.71514366740191
Nissan,2016,81768,Hybrid,Manual,4.8,435,SUV,Red,8,35.3,High,2,0,0,8,33841.12527962392,77.79569029798603,7.050234433254984
Lexus,2010,106108,Petrol,CVT,2.6,276,Pickup,Silver,12,42.0,High,1,1,1,14,19101.605891117677,69.20871699680318,7.346771496583722
Nissan,2018,89709,Petrol,CVT,4.1,188,SUV,Yellow,4,28.1,High,3,0,1,6,17628.152262779626,93.76676735521077,4.299549332385275
Ford,2012,54869,LPG,CVT,2.9,455,Wagon,Yellow,8,42.7,Medium,2,0,0,12,21209.933304730053,46.615238032373746,7.313770105079329
Nissan,2013,126888,Diesel,Semi-Automatic,4.6,158,Hatchback,Yellow,4,31.3,Low,2,0,1,11,17314.13681098616,109.58314437333014,3.7639427849969915
Mazda,2019,63095,Diesel,Manual,4.6,469,SUV,Blue,4,23.5,High,3,0,1,5,32904.43306937187,70.15870590484408,7.1531376237764945
Chevrolet,2010,117886,LPG,CVT,1.3,240,Coupe,Yellow,4,36.3,Medium,1,1,0,14,8533.341876030927,35.55559115012886,6.564109135408406
Lexus,2022,70910,LPG,CVT,4.7,98,SUV,Silver,12,38.7,High,1,1,0,2,38655.457795869836,394.443446896631,8.224565488482943
BMW,2020,217782,Hybrid,Automatic,4.3,206,SUV,Red,4,32.3,Low,1,0,0,4,48627.94220240103,236.05797185631567,11.30882376800024
Subaru,2019,23567,LPG,Semi-Automatic,4.2,284,SUV,Green,8,12.3,Low,1,1,1,5,45699.73787724064,160.91456999028392,10.88088997077158
Toyota,2012,35292,Electric,Automatic,1.8,108,Wagon,Gray,12,16.8,Low,1,1,0,12,35218.11952102109,326.0936992687138,19.56562195612283
Mercedes-Benz,2011,74813,Diesel,Manual,4.2,286,SUV,Silver,12,21.4,Low,2,0,1,13,24542.937581388855,85.8144670677932,5.843556566997346
Honda,2011,97136,LPG,Automatic,4.4,359,SUV,Red,8,21.3,Low,2,0,1,13,11268.653382937735,31.389006637709567,2.5610575870313035
Chevrolet,2023,51631,Electric,Automatic,2.2,230,Wagon,Red,12,36.9,Low,2,0,1,1,77568.59404739861,337.25475672782005,35.25845183972664
Mercedes-Benz,2010,9885,Electric,Automatic,4.8,319,Convertible,Gray,8,10.7,Medium,3,1,0,14,87115.53603204092,273.0894546458963,18.149070006675192
Honda,2017,190731,Electric,Semi-Automatic,1.2,345,Hatchback,Brown,6,40.2,High,1,0,0,7,21931.51013568494,63.56959459618823,18.276258446404118
Subaru,2012,185378,Electric,Manual,1.6,261,Pickup,Green,8,20.6,Low,3,0,1,12,11304.120721948992,43.31080736378924,7.06507545121812
Volkswagen,2012,66314,Hybrid,Automatic,3.2,184,Convertible,Brown,12,22.4,High,1,1,1,12,18838.0064000054,102.38046956524674,5.886877000001688
Volkswagen,2015,65087,Electric,Semi-Automatic,3.3,480,Sedan,Brown,8,31.1,High,1,1,0,9,35763.757261919665,74.50782762899931,10.837502200581717
Hyundai,2022,160237,Hybrid,Manual,3.6,315,Wagon,Red,6,18.6,Medium,3,1,0,2,44652.470796489455,141.75387554441096,12.40346411013596
Mercedes-Benz,2017,190001,Hybrid,CVT,1.1,252,Wagon,Orange,4,45.4,Low,2,1,0,7,40503.45709523355,160.72800434616488,36.821324632030496
Volkswagen,2022,198100,Electric,Automatic,4.8,237,SUV,White,4,13.4,Low,3,1,0,2,55974.82070470442,236.1806780789216,11.661420980146755
Mazda,2018,95998,Diesel,Manual,1.2,251,SUV,Silver,4,27.8,Medium,2,1,0,6,30559.225191461956,121.74990116120301,25.466020992884964
Lexus,2018,49812,Electric,Automatic,1.6,390,Pickup,Blue,12,44.0,Medium,1,1,0,6,79574.348828789,204.03679186868976,49.73396801799313
Honda,2013,181572,Electric,CVT,1.1,482,Sedan,Brown,6,34.6,Medium,2,1,0,11,12088.65781401061,25.08020293363197,10.989688921827828
Hyundai,2023,210223,Electric,Manual,3.3,236,SUV,Yellow,8,21.7,Medium,1,0,0,1,56667.64951321623,240.11715895430606,17.17201500400492
Nissan,2014,58643,Diesel,Semi-Automatic,4.7,337,Coupe,Blue,8,26.8,Medium,1,1,0,10,29901.28849631929,88.72785903952311,6.361976275812615
Honda,2011,44900,Petrol,Manual,3.7,243,SUV,Black,8,38.3,High,2,0,1,13,16379.186021742618,67.40405770264452,4.42680703290341
Hyundai,2020,174018,Petrol,Semi-Automatic,4.3,226,SUV,Orange,8,48.9,Medium,1,1,0,4,28845.755665915385,127.63608701732471,6.708315271143113
Subaru,2018,138923,Hybrid,Manual,1.1,470,Coupe,Blue,12,45.7,Low,2,1,0,6,58151.57375810421,123.72675267681747,52.86506705282201
Mercedes-Benz,2017,16288,Hybrid,Semi-Automatic,3.2,233,Sedan,Gray,12,23.7,Low,3,0,1,7,65697.21745295783,281.96230666505505,20.53038045404932
Subaru,2012,72692,Diesel,CVT,2.8,446,Coupe,White,6,49.9,Medium,1,1,0,12,22124.790462243724,49.60715350278862,7.901710879372758
Lexus,2020,198652,LPG,CVT,3.0,117,Wagon,Green,8,10.1,Medium,1,0,0,4,27368.086857351456,233.91527228505518,9.122695619117152
Lexus,2021,138440,Petrol,CVT,1.3,210,Coupe,Gray,4,11.1,Medium,3,1,1,3,48680.35455778064,231.8112121799078,37.44642658290819
Chevrolet,2022,85436,Hybrid,Manual,3.7,437,Hatchback,Brown,12,43.0,Medium,1,0,0,2,34688.53136618751,79.37879031164191,9.375278747618246
Subaru,2018,227208,Petrol,CVT,3.0,334,Wagon,Orange,6,18.0,Medium,3,0,1,6,28892.133865117787,86.50339480574188,9.630711288372595
Ford,2012,46403,Diesel,Automatic,4.1,287,SUV,Orange,6,12.4,Low,3,1,1,12,31751.634682352433,110.63287345767398,7.744301142037179
Nissan,2018,91170,Diesel,CVT,2.9,174,Pickup,Brown,12,19.5,High,1,0,0,6,21888.864878716264,125.79807401561071,7.547884440936643
Tesla,2011,9168,LPG,Semi-Automatic,1.6,427,Wagon,White,4,27.0,Medium,3,0,1,13,21919.237540217862,51.33310899348446,13.699523462636163
Subaru,2021,217569,LPG,Semi-Automatic,3.6,406,Sedan,Red,4,39.2,Medium,3,1,1,3,15443.066126870177,38.03710868687236,4.289740590797272
Chevrolet,2019,49879,Diesel,Semi-Automatic,1.7,250,Sedan,Blue,8,35.0,Medium,3,1,1,5,46876.55418347397,187.50621673389588,27.57444363733763
Audi,2018,59871,Hybrid,Manual,4.5,329,Coupe,Yellow,12,19.5,Low,1,0,1,6,73736.2317195953,224.12228486199177,16.385829271021176
Mazda,2017,240704,Petrol,Automatic,3.5,269,Wagon,Brown,4,30.1,Low,3,1,0,7,15580.186855671429,57.91891024413171,4.4514819587632655
Honda,2018,242695,Electric,CVT,1.6,278,SUV,Yellow,12,47.0,High,2,0,1,6,36437.62797286701,131.0706042189461,22.773517483041882
Lexus,2014,220460,LPG,Automatic,4.8,300,Sedan,Blue,6,42.6,High,2,0,1,10,14571.559617771274,48.57186539257091,3.035741587035682
Audi,2020,229718,Electric,Automatic,3.1,103,Convertible,White,6,22.9,High,3,0,0,4,88354.78967865765,857.8134920258024,28.5015450576315
Chevrolet,2020,32174,Hybrid,Semi-Automatic,1.3,323,SUV,Red,6,49.3,High,2,1,1,4,58865.08157342322,182.24483459264152,45.28083197955632
Hyundai,2011,230823,LPG,Semi-Automatic,3.5,403,Convertible,Green,12,38.3,Low,1,1,0,13,11824.255494452069,29.34058435347908,3.378358712700591
Tesla,2017,223563,Electric,Semi-Automatic,2.0,207,Hatchback,White,8,12.5,High,3,0,1,7,32129.98448277682,155.217316341917,16.06499224138841
Nissan,2021,137653,Hybrid,Manual,4.2,172,Convertible,Yellow,8,11.4,Medium,1,0,0,3,38318.4983881485,222.78196737295642,9.123451997178215
Nissan,2015,110155,Petrol,Automatic,4.3,379,Sedan,Orange,4,16.7,Low,2,0,1,9,27962.599420485312,73.77994570048895,6.502930097787282
Nissan,2017,71853,Hybrid,Automatic,4.9,212,Coupe,Orange,12,39.1,Low,2,1,0,7,44012.80281500184,207.60756044812192,8.982204656122825
Mazda,2020,64046,LPG,Manual,3.0,134,Hatchback,Black,8,17.3,Low,2,0,1,4,18441.48946663174,137.6230557211324,6.147163155543914
Tesla,2014,49678,Diesel,Manual,2.8,237,Wagon,Silver,12,30.5,Medium,2,1,0,10,26351.908941043417,111.18948920271484,9.411396050372648
Mazda,2019,239464,Petrol,Manual,4.0,108,SUV,Gray,8,13.7,Low,1,0,0,5,8783.68192710674,81.3303882139513,2.195920481776685
Lexus,2011,242322,Electric,Automatic,1.5,489,Sedan,Gray,6,46.8,Medium,3,0,0,13,20612.091412973077,42.151516181949034,13.741394275315384
Mazda,2015,26649,LPG,Automatic,3.2,290,Hatchback,Brown,6,23.8,High,1,0,0,9,15370.625705565024,53.00215760539663,4.80332053298907
Toyota,2014,127795,Diesel,Semi-Automatic,3.2,233,Hatchback,Yellow,4,46.3,Low,3,0,0,10,17398.0977510641,74.66994742945965,5.436905547207531
Tesla,2021,88668,Hybrid,Semi-Automatic,1.4,372,Sedan,Gray,6,47.8,Medium,2,1,1,3,78318.57795077548,210.533811695633,55.94184139341105
Ford,2022,213397,Diesel,Automatic,2.7,301,Wagon,Gray,8,10.2,Low,2,1,1,2,36959.491499494994,122.78900830397008,13.688700555368516
Tesla,2021,145639,LPG,Semi-Automatic,4.4,194,Wagon,White,4,28.6,High,2,1,0,3,66426.54601854473,342.40487638425117,15.096942276941984
Chevrolet,2014,211476,LPG,Manual,4.4,237,Coupe,Green,4,11.0,Low,2,1,0,10,12943.72578672466,54.61487673723486,2.941755860619241
Toyota,2022,89906,Diesel,CVT,1.4,338,Pickup,Yellow,6,46.3,High,1,1,1,2,77077.38575722552,228.03960283202818,55.05527554087537
Nissan,2010,239141,Hybrid,Semi-Automatic,1.4,330,Convertible,Black,12,30.7,Low,3,0,1,14,13349.401287797264,40.45273117514322,9.535286634140903
Chevrolet,2011,96019,Diesel,Automatic,2.1,201,Wagon,Green,6,13.0,Medium,3,1,0,13,10406.847210393542,51.77535925568926,4.95564152875883
Chevrolet,2017,193016,LPG,Semi-Automatic,4.5,378,Coupe,Black,6,14.4,High,2,1,1,7,25747.65081213322,68.11547833897677,5.721700180474048
Lexus,2022,249500,LPG,Semi-Automatic,1.5,342,Convertible,Yellow,4,25.3,Low,1,1,0,2,26871.56584285395,78.57182994986535,17.9143772285693
Kia,2023,78002,Electric,Semi-Automatic,3.9,460,Hatchback,Red,6,47.6,High,2,1,0,1,45533.20407355425,98.98522624685705,11.675180531680576
BMW,2022,28803,Electric,CVT,1.4,128,Sedan,Red,8,37.7,High,3,0,0,2,69868.23152838243,545.8455588154877,49.90587966313031
Toyota,2012,149302,Petrol,Manual,3.5,456,Wagon,Gray,4,44.7,Medium,3,0,1,12,12776.593471650485,28.018845332566855,3.6504552776144243
Chevrolet,2019,148934,LPG,Automatic,2.4,408,Coupe,Brown,6,24.7,Medium,1,0,0,5,21058.223761656653,51.61329353347219,8.774259900690272
BMW,2012,174427,Electric,CVT,4.2,376,Hatchback,Orange,12,11.7,Medium,3,1,1,12,21757.01133268316,57.86439184224245,5.18024079349599
BMW,2017,162331,Diesel,Automatic,1.9,441,Wagon,White,8,49.0,Medium,1,0,1,7,39724.178859958636,90.07750308380643,20.907462557872968
Toyota,2017,230147,Hybrid,Automatic,3.6,156,SUV,Gray,12,10.7,High,2,0,1,7,9137.53420660616,58.57393722183436,2.5382039462794888
Kia,2011,218517,Diesel,Automatic,1.9,206,Pickup,Silver,8,47.9,High,2,1,1,13,5167.509424621847,25.08499720690217,2.719741802432551
Audi,2017,30795,Hybrid,CVT,3.9,276,Hatchback,Red,12,24.7,Low,1,1,0,7,46704.33033252073,169.218588161307,11.975469316030956
Hyundai,2020,245676,Electric,Manual,4.5,300,Wagon,Gray,6,10.4,Low,2,1,0,4,16249.368272170148,54.16456090723383,3.610970727148922
Ford,2022,8770,Petrol,Automatic,1.5,170,Hatchback,Orange,8,37.6,Low,1,0,1,2,26311.215708098043,154.77185710645907,17.540810472065363
Hyundai,2022,11093,Diesel,Manual,4.5,490,Sedan,Black,4,49.2,Medium,2,1,0,2,25202.362602938072,51.43339306722056,5.600525022875127
Tesla,2010,177643,Diesel,Manual,3.4,87,Sedan,Black,4,48.6,High,2,0,1,14,18287.81915960833,210.20481792653254,5.378770341061274
Nissan,2015,131265,Diesel,Semi-Automatic,1.5,111,Pickup,Blue,12,16.4,High,3,0,0,9,19599.94918837937,176.57611881422858,13.066632792252914
Ford,2017,100311,Hybrid,CVT,2.7,399,Sedan,White,12,17.2,Low,3,0,0,7,31323.537531248563,78.50510659460792,11.601310196758726
Tesla,2012,17569,Electric,CVT,1.6,473,Convertible,Brown,12,32.6,Low,1,0,0,12,92004.97277923595,194.51368452269756,57.50310798702247
Chevrolet,2017,248154,Diesel,Semi-Automatic,3.8,348,SUV,Black,8,35.5,High,2,0,0,7,9938.68576518841,28.559441853989682,2.6154436224180024
Nissan,2021,11190,Diesel,Semi-Automatic,4.0,270,Sedan,Blue,4,39.6,Medium,2,1,0,3,36182.900202912206,134.01074149226744,9.045725050728052
Honda,2010,62824,Petrol,Manual,1.4,428,SUV,Red,6,17.2,Low,2,0,0,14,16158.614282181712,37.753771687340446,11.54186734441551
Toyota,2020,173824,Petrol,Automatic,3.0,242,Sedan,Black,8,48.4,Low,3,0,1,4,25805.2153484208,106.6331212744661,8.601738449473599
Ford,2020,163399,Electric,CVT,4.3,140,Convertible,Brown,12,35.5,High,1,0,0,4,84584.0495418181,604.1717824415579,19.67070919577165
Ford,2018,42070,Electric,Automatic,4.7,343,Hatchback,Gray,4,43.9,High,1,0,0,6,73149.92423013442,213.26508521905077,15.563813665986046
Subaru,2022,216997,LPG,Automatic,3.1,364,Wagon,Orange,12,31.6,Low,1,0,0,2,22146.69674175931,60.84257346637173,7.1440957231481645
Chevrolet,2020,40197,Petrol,Semi-Automatic,4.8,174,Wagon,Silver,6,26.6,Low,2,1,1,4,54681.667484586156,314.26245680796643,11.392014059288783
Audi,2022,2261,LPG,Automatic,3.1,120,Sedan,Black,6,49.1,Medium,1,0,0,2,111963.71354209236,933.030946184103,36.117326949062054
BMW,2018,249496,Hybrid,Manual,2.6,493,Wagon,Silver,4,33.3,Medium,3,0,0,6,30794.75975583265,62.46401573191206,11.844138367627941
Nissan,2014,224977,LPG,Semi-Automatic,4.4,228,Sedan,Silver,8,44.7,Medium,3,0,0,10,13773.578951653639,60.41043399848087,3.130358852648554
Chevrolet,2019,157584,Diesel,Automatic,3.0,283,Sedan,Silver,6,48.1,Medium,1,0,1,5,14369.188036674634,50.774516030652414,4.789729345558211
Volkswagen,2013,137788,LPG,Semi-Automatic,2.9,346,Pickup,Green,6,37.0,Low,2,1,0,11,20424.286331919866,59.029729283005395,7.042857355834436
Kia,2020,86795,Electric,Manual,3.0,81,Coupe,Silver,6,32.0,Low,3,0,1,4,30558.433956610595,377.26461674827897,10.186144652203533
BMW,2015,28933,Hybrid,Manual,4.4,257,Coupe,Green,6,10.1,Low,3,0,1,9,34819.88291233465,135.4859257289286,7.91360975280333
Toyota,2021,238297,Diesel,Automatic,4.3,273,Pickup,Orange,12,11.6,Medium,2,0,0,3,28351.312462169062,103.85096139988667,6.5933284795742
BMW,2016,135450,LPG,Semi-Automatic,2.6,466,Coupe,Silver,12,18.0,Low,2,0,0,8,34399.48588023447,73.81863922797096,13.230571492397873
Audi,2014,40583,Hybrid,Automatic,2.3,415,SUV,Blue,8,17.4,High,1,1,1,10,76094.51141402926,183.36026846754038,33.08457018001272
Lexus,2020,112082,Hybrid,Automatic,3.0,275,Coupe,Silver,4,20.2,Medium,3,1,1,4,77109.82110244513,280.39934946343686,25.703273700815043
Subaru,2022,85371,Diesel,Semi-Automatic,3.3,422,Sedan,Yellow,4,22.2,High,3,1,0,2,41881.30262803533,99.2447929574297,12.691303826677373
BMW,2019,160105,LPG,Automatic,2.0,328,Convertible,White,4,24.4,Medium,1,0,0,5,43870.13622622662,133.75041532386163,21.93506811311331
Toyota,2018,155072,Hybrid,Manual,4.2,291,Convertible,Blue,6,26.8,Low,1,1,1,6,39738.980263407,136.56006963370103,9.461661967477857
Audi,2012,111032,Hybrid,Semi-Automatic,2.9,232,Hatchback,Brown,12,14.0,Medium,3,1,1,12,35952.79667837345,154.96895119988557,12.397516095990845
Hyundai,2016,206940,Petrol,Semi-Automatic,2.3,237,Coupe,Black,12,11.7,High,3,1,1,8,16519.65025484478,69.70316563225646,7.182456632541208
Ford,2019,42604,Hybrid,Semi-Automatic,1.4,441,Convertible,Orange,8,37.0,Medium,2,1,1,5,82310.06660694814,186.64414196586878,58.79290471924867
Lexus,2019,199408,Petrol,Semi-Automatic,2.0,218,Coupe,Orange,4,31.5,High,2,1,0,5,40169.43081277062,184.26344409527806,20.084715406385307
Subaru,2020,95074,LPG,Automatic,4.8,300,Hatchback,Yellow,12,27.8,Low,3,0,1,4,23659.875755973568,78.8662525199119,4.9291407824944935
Ford,2014,226727,LPG,Automatic,2.2,352,Convertible,Yellow,8,35.4,High,3,1,0,10,17005.07213563697,48.30986402169594,7.729578243471349
Kia,2023,73869,LPG,Manual,1.7,233,Sedan,Yellow,4,43.1,Low,2,1,1,1,50697.43451014491,217.58555583753179,29.82202030008524
Tesla,2016,5410,Electric,CVT,2.8,328,SUV,Yellow,6,27.1,High,1,1,1,8,117591.59439516006,358.5109585218295,41.99699799827145
Lexus,2011,83375,LPG,CVT,2.2,358,Pickup,Yellow,12,35.6,Low,1,0,0,13,19895.98717210008,55.575383162290734,9.043630532772765
Lexus,2013,187116,Hybrid,Manual,1.1,383,Pickup,Red,12,48.1,High,3,0,0,11,21246.645339430313,55.47426981574495,19.31513212675483
Hyundai,2011,194387,Diesel,CVT,2.3,355,Pickup,Gray,4,43.6,Low,3,1,0,13,9312.494800683326,26.23237972023472,4.048910782905794
Hyundai,2023,96055,Petrol,Manual,3.2,81,Coupe,Orange,6,27.0,Low,2,0,0,1,39845.222926323244,491.91633242374377,12.451632164476013
Nissan,2022,202416,Electric,Automatic,3.2,167,Convertible,Yellow,6,35.8,Low,3,0,1,2,46802.68608503065,280.2556052995847,14.625839401572078
Mazda,2022,137868,LPG,Semi-Automatic,2.4,366,Convertible,Black,12,17.1,High,1,1,0,2,58223.410683497044,159.0803570587351,24.259754451457102
BMW,2021,86716,LPG,Semi-Automatic,2.8,490,Hatchback,Red,4,32.4,High,2,0,0,3,46924.3126584975,95.76390338468879,16.75868309232054
Lexus,2016,54245,Diesel,Automatic,4.9,209,Sedan,Blue,8,49.3,Low,2,1,0,8,33955.25504515594,162.46533514428677,6.9296438867665175
Ford,2011,43056,Diesel,Semi-Automatic,2.5,157,Wagon,Blue,12,30.7,Medium,1,1,1,13,25822.131661398256,164.47217618725003,10.328852664559303
Toyota,2022,148781,Electric,Semi-Automatic,2.0,339,Convertible,Green,6,47.1,Low,1,1,1,2,63296.460840175496,186.71522371733184,31.64823042008775
Mercedes-Benz,2023,58557,Petrol,CVT,2.0,320,SUV,Gray,8,26.3,Medium,2,0,0,1,175104.18915471225,547.2005911084758,87.55209457735613
Mazda,2020,17543,LPG,Automatic,2.8,220,Hatchback,Blue,4,50.0,Low,3,1,1,4,19836.131360777497,90.16423345807954,7.084332628849106
Mercedes-Benz,2010,168490,Electric,CVT,4.0,307,Convertible,Yellow,6,33.2,High,1,1,1,14,33725.4669231901,109.85494111788306,8.431366730797524
Subaru,2018,225683,Hybrid,CVT,1.8,242,Convertible,Orange,8,11.7,Medium,2,0,0,6,29391.440808772724,121.45223474699473,16.328578227095957
Audi,2010,234363,Hybrid,Semi-Automatic,3.8,315,Hatchback,Green,12,33.5,High,3,1,1,14,21163.297886126304,67.18507265436922,5.569288917401659
Ford,2017,244576,Electric,Semi-Automatic,1.1,207,Hatchback,White,6,21.0,Medium,3,0,0,7,24831.961540351436,119.96116686160114,22.57451049122858
Ford,2011,234073,LPG,Automatic,2.7,279,Coupe,Red,4,11.3,Medium,2,0,0,13,6915.78900052818,24.787774195441504,2.5614033335289554
Mazda,2021,96038,Electric,Semi-Automatic,4.1,469,Convertible,White,6,42.8,Medium,1,1,0,3,56990.1860769277,121.51425602756439,13.900045384616512
Lexus,2017,147796,LPG,Semi-Automatic,2.4,110,Wagon,White,12,21.0,Medium,3,0,1,7,27513.67674292663,250.1243340266057,11.46403197621943
Kia,2022,3828,Diesel,Automatic,3.3,217,SUV,Yellow,4,41.9,High,1,1,0,2,45656.723005190375,210.3996451852091,13.835370607633447
Mazda,2012,116656,Electric,Semi-Automatic,1.8,100,Sedan,White,12,21.5,Medium,2,0,1,12,14595.933969073463,145.95933969073462,8.108852205040813
Mercedes-Benz,2015,17087,LPG,CVT,4.0,313,Sedan,White,8,17.8,Low,1,0,1,9,47682.03539411704,152.338771227211,11.92050884852926
Mazda,2012,143677,Electric,Automatic,1.2,281,Wagon,Blue,6,49.0,Low,3,0,1,12,18981.618041209193,67.55024213953449,15.818015034340993
Ford,2023,31337,Electric,Semi-Automatic,4.4,358,Hatchback,Brown,12,24.5,Medium,2,0,1,1,58505.07192834153,163.4219886266523,13.296607256441257
Kia,2016,136554,LPG,Manual,1.8,210,Hatchback,Green,8,34.1,High,3,1,0,8,7467.502355044295,35.55953502402045,4.148612419469052
BMW,2019,65333,LPG,Automatic,4.5,495,Hatchback,White,4,34.4,High,3,1,0,5,44006.64320016826,88.90230949528942,9.779254044481837
Volkswagen,2018,223613,Petrol,Automatic,2.4,227,Convertible,Gray,4,32.4,Medium,2,0,1,6,15023.547398486604,66.18302818716566,6.259811416036085
Nissan,2011,219368,Electric,Manual,3.9,108,Hatchback,Black,8,46.6,High,2,1,0,13,8892.097182254322,82.3342331690215,2.280024918526749
Honda,2021,182024,Hybrid,Semi-Automatic,2.3,440,Hatchback,Green,8,37.0,High,1,1,1,3,47134.14644671248,107.12306010616473,20.493107150744557
Hyundai,2021,136535,Electric,Semi-Automatic,4.6,387,Convertible,Gray,4,26.1,High,2,1,1,3,34973.77343712811,90.37150758947833,7.602994225462633
Mazda,2023,243236,Electric,Automatic,1.5,450,Convertible,Black,12,44.5,Medium,1,1,0,1,38074.01522038259,84.60892271196131,25.382676813588397
Subaru,2014,70448,LPG,Automatic,1.7,241,Wagon,White,8,17.2,Low,2,1,1,10,11802.902838902994,48.974700576360966,6.9428840228841135
Tesla,2022,4648,Electric,Semi-Automatic,3.0,436,Coupe,Brown,12,31.8,Low,3,1,0,2,231154.5278233882,530.1709353747435,77.05150927446273
Audi,2015,130576,Electric,Semi-Automatic,1.3,419,Convertible,Silver,4,48.0,Low,1,1,1,9,43043.4936445922,102.72910177706969,33.11037972660938
Volkswagen,2013,33623,Hybrid,CVT,1.8,140,SUV,Orange,12,35.0,Low,2,0,1,11,38871.98111507784,277.65700796484174,21.595545063932132
Nissan,2013,190228,LPG,Automatic,4.8,204,Hatchback,Gray,12,42.7,Low,1,1,1,11,8687.307080195866,42.584838628411106,1.809855641707472
Nissan,2013,35634,Electric,Automatic,4.9,150,Coupe,White,8,36.1,High,1,0,1,11,24759.75290977981,165.06501939853206,5.053010797914247
Nissan,2011,175674,Diesel,Manual,2.5,405,Sedan,Green,12,43.6,High,1,0,0,13,5527.686142872766,13.648607760179669,2.2110744571491066
Nissan,2013,114598,Petrol,CVT,4.7,474,Wagon,Blue,12,47.8,High,3,0,1,11,15989.494355958544,33.733110455608745,3.4020200757358605
Mercedes-Benz,2020,49334,Hybrid,Semi-Automatic,3.2,443,Coupe,White,12,20.9,Medium,2,1,1,4,149855.83203936368,338.2750158902115,46.82994751230115
Subaru,2010,68648,Electric,CVT,2.1,322,Convertible,Silver,4,16.8,High,2,1,0,14,27116.56144987802,84.21292375738516,12.912648309465723
Subaru,2021,22054,Diesel,Semi-Automatic,3.8,328,Hatchback,White,4,29.4,Low,1,0,1,3,38726.628609399435,118.06898966280316,10.191218055105114
Kia,2015,70028,Electric,Semi-Automatic,3.6,300,Hatchback,White,6,38.1,High,2,0,1,9,19237.407174770564,64.12469058256855,5.343724215214046
Hyundai,2010,22207,Electric,CVT,5.0,100,Hatchback,Orange,4,19.1,Low,3,1,1,14,9738.564492280104,97.38564492280103,1.9477128984560208
Ford,2019,211722,LPG,Automatic,2.1,466,Coupe,Blue,4,10.2,High,1,1,1,5,31105.33481921857,66.7496455348038,14.81206419962789
Nissan,2015,230893,LPG,Semi-Automatic,3.7,161,Hatchback,Gray,6,23.7,Low,3,1,1,9,7269.9266804864355,45.15482410240022,1.9648450487801177
Tesla,2010,81554,LPG,CVT,1.2,423,Convertible,Yellow,6,48.8,High,3,0,1,14,31406.212170624818,74.24636446956222,26.17184347552068
Ford,2015,152458,Diesel,Manual,1.5,446,Coupe,Yellow,8,37.8,Low,2,0,0,9,18326.85723157808,41.09160814255175,12.217904821052054
Subaru,2019,83276,Electric,CVT,1.0,89,Hatchback,Green,8,26.1,Low,2,1,1,5,31943.657391790253,358.91749878416016,31.943657391790254
Toyota,2017,190590,Petrol,Manual,5.0,490,Sedan,Brown,4,17.7,Medium,1,1,0,7,15578.586812292884,31.793034310801804,3.115717362458577
Toyota,2020,52781,Hybrid,Semi-Automatic,4.2,91,Sedan,White,12,24.2,High,3,0,1,4,15998.222353232062,175.80464124430839,3.809100560293348
Tesla,2011,183852,LPG,CVT,4.1,342,SUV,Green,8,16.8,Low,2,1,0,13,20334.22218743825,59.45679002174926,4.959566387180061
Kia,2011,192512,LPG,CVT,3.0,224,Hatchback,Brown,8,14.3,High,1,1,0,13,5220.571454219322,23.306122563479114,1.740190484739774
Subaru,2023,175271,Electric,Manual,2.2,271,Hatchback,Gray,4,46.3,Low,1,0,0,1,24136.946861905584,89.06622458267744,10.971339482684357
Tesla,2022,61035,Electric,CVT,1.6,329,Coupe,Gray,12,49.9,Medium,2,0,0,2,212132.9404685103,644.7809740684204,132.58308779281893
Mercedes-Benz,2021,8210,Diesel,CVT,2.1,193,Coupe,Blue,6,16.6,Medium,3,0,1,3,85988.1625790372,445.5345211349078,40.946744085255816
Mazda,2013,44363,Diesel,Semi-Automatic,2.5,105,Pickup,Yellow,6,12.2,Medium,1,0,1,11,17182.394878111758,163.64185598201675,6.872957951244703
Tesla,2020,242247,LPG,CVT,4.0,350,Hatchback,Yellow,4,23.2,Medium,2,1,1,4,44890.14764815785,128.25756470902243,11.222536912039462
BMW,2012,78279,Electric,Automatic,3.2,112,SUV,Green,4,28.5,Low,1,0,0,12,28769.03633203939,256.86639582178026,8.99032385376231
Ford,2013,191420,Petrol,Manual,1.3,141,Hatchback,Orange,12,18.2,High,2,1,0,11,13043.355449844295,92.50606702017231,10.033350346034073
Volkswagen,2022,186356,Hybrid,CVT,1.1,308,Convertible,Yellow,4,22.1,Medium,1,1,0,2,49076.43095464622,159.33906154105915,44.61493723149656
Chevrolet,2021,238700,Electric,Manual,1.4,382,Coupe,Orange,4,18.0,Medium,3,1,0,3,44188.145902224154,115.67577461315224,31.56296135873154
Kia,2016,240907,Electric,Manual,2.6,174,Hatchback,Orange,4,41.0,Medium,1,0,0,8,14694.87582141876,84.45330931849863,5.651875315930292
Tesla,2022,203196,Diesel,Manual,4.7,114,Coupe,Gray,12,38.5,High,2,0,0,2,79331.636677601,695.8915498035175,16.879071633532128
Subaru,2020,199919,Hybrid,CVT,3.5,272,Hatchback,Blue,4,35.4,Low,2,1,0,4,30795.730989284486,113.21959922531062,8.79878028265271
Audi,2010,153504,LPG,CVT,4.2,155,Wagon,Green,8,25.5,Low,2,1,1,14,15501.18369618871,100.00763674960457,3.6907580229020738
Toyota,2015,195161,Electric,Manual,2.9,458,Coupe,Black,12,46.4,Low,3,0,0,9,24182.32626528876,52.7998390071807,8.338733194927158
BMW,2012,186470,LPG,Automatic,2.4,328,SUV,Green,8,48.8,Low,2,1,1,12,17509.25217148756,53.38186637648646,7.295521738119816
Hyundai,2020,230363,Electric,Manual,1.4,162,Wagon,Orange,12,16.9,High,2,1,1,4,27329.120207131535,168.698272883528,19.520800147951096
Nissan,2019,134393,LPG,Automatic,4.5,104,Convertible,Brown,8,18.9,High,3,1,0,5,18703.76559172689,179.84389992045087,4.156392353717086
Chevrolet,2016,81348,Hybrid,Manual,4.1,136,Hatchback,Brown,12,31.0,High,2,1,0,8,21395.315296880002,157.31849483000002,5.218369584604878
Lexus,2019,168455,Diesel,Semi-Automatic,1.7,111,Pickup,Blue,6,13.7,Medium,2,1,0,5,44452.525864605595,400.4732059874378,26.148544626238586
Kia,2011,113816,Hybrid,Manual,3.0,398,Convertible,Gray,4,27.5,High,3,1,0,13,23396.011677719474,58.78394893899365,7.798670559239825
Volkswagen,2023,209754,Petrol,Manual,2.9,91,Coupe,Gray,4,33.3,Low,1,1,1,1,36550.459411344535,401.6534001246652,12.60360669356708
Chevrolet,2011,123053,Diesel,CVT,3.5,398,Wagon,Orange,12,30.9,High,2,1,0,13,18857.72258570373,47.3812125268938,5.387920738772494
Tesla,2022,210262,Hybrid,Automatic,4.8,412,Convertible,Orange,8,23.2,Medium,1,0,1,2,66878.15974153084,162.32563044060882,13.932949946152258
Mercedes-Benz,2013,183965,Petrol,Semi-Automatic,3.3,171,SUV,Silver,6,31.7,Low,3,0,0,11,15743.759808108127,92.06877080764987,4.770836305487311
Toyota,2010,166892,Electric,Automatic,3.2,80,Pickup,Silver,8,48.4,High,2,1,1,14,14363.628109031823,179.54535136289778,4.488633784072444
Subaru,2012,66262,Electric,Semi-Automatic,1.2,405,Coupe,Orange,4,18.2,Low,2,1,1,12,36163.22535305517,89.29191445198806,30.136021127545973
Toyota,2022,134832,LPG,Manual,1.3,215,Wagon,Yellow,4,36.2,Low,3,0,1,2,32537.90858018218,151.33910967526595,25.029160446293982
Hyundai,2018,153262,Diesel,CVT,1.7,275,Convertible,Green,8,11.7,High,2,0,1,6,32138.544577002376,116.86743482546319,18.905026221766104
Mercedes-Benz,2016,67411,Electric,CVT,1.1,212,Wagon,Yellow,12,12.7,High,1,0,1,8,60881.00069907244,287.17453159939834,55.34636427188404
Nissan,2016,23377,Diesel,Automatic,4.0,165,Wagon,Gray,12,32.1,Medium,1,1,0,8,30507.653993098796,184.89487268544724,7.626913498274699
Subaru,2022,177809,Electric,CVT,3.9,374,Convertible,Black,8,14.2,High,3,0,0,2,44803.34168112537,119.79503123295554,11.488036328493685
Ford,2022,200641,LPG,Automatic,1.5,358,Sedan,Green,4,10.9,High,2,0,0,2,22432.3061257502,62.66007297695587,14.954870750500135
Honda,2020,38211,Hybrid,Automatic,4.3,403,Hatchback,Yellow,8,16.9,High,2,1,1,4,25159.410261706864,62.430298416146066,5.85102564225741
BMW,2013,213981,LPG,Semi-Automatic,1.6,259,Coupe,Yellow,4,32.6,Low,3,0,0,11,25751.844569192897,99.4279713096251,16.09490285574556
Toyota,2011,3744,Petrol,Automatic,2.2,83,Coupe,Red,8,38.1,Medium,1,1,1,13,18498.223862030023,222.87016701240992,8.40828357365001
Audi,2023,24995,Electric,Semi-Automatic,2.0,205,Pickup,Green,12,18.1,Low,1,0,1,1,118726.6990628549,579.154629574902,59.363349531427446
Toyota,2013,148049,Petrol,CVT,2.5,254,Pickup,Black,6,36.7,High,3,0,0,11,13226.392334124825,52.07241076427096,5.29055693364993
Chevrolet,2015,229010,Petrol,Automatic,2.0,330,Pickup,Blue,4,17.3,Medium,2,0,1,9,13274.74374179276,40.22649618725079,6.63737187089638
Toyota,2020,34542,Diesel,Automatic,3.0,100,Coupe,Blue,6,34.5,High,1,0,0,4,62133.78421010168,621.3378421010168,20.711261403367228
Kia,2020,10651,Electric,Manual,2.6,184,Wagon,Yellow,12,26.5,Low,2,0,1,4,43731.34678924575,237.67036298503123,16.81974876509452
Toyota,2012,99239,Petrol,Automatic,4.9,145,Pickup,Orange,8,36.2,Low,1,1,0,12,6755.504547461209,46.58968653421523,1.3786743974410631
Honda,2010,78931,Hybrid,Automatic,1.2,342,Convertible,Black,12,49.8,High,2,1,1,14,32974.964364883126,96.41802445872258,27.47913697073594
Honda,2023,226416,Petrol,Manual,1.6,128,Hatchback,Black,6,47.5,Medium,1,0,0,1,11232.364134657535,87.75284480201199,7.02022758416096
Nissan,2021,102112,Hybrid,Manual,1.2,95,SUV,Gray,12,10.2,Low,2,1,0,3,49113.69511224573,516.9862643394288,40.928079260204775
Volkswagen,2017,16715,Diesel,CVT,3.5,224,Coupe,Brown,12,45.4,High,3,0,1,7,36371.633571326405,162.37336415770716,10.391895306093259
Ford,2021,175481,Petrol,Automatic,1.2,419,Convertible,Red,8,12.7,High,1,0,1,3,36681.79361714657,87.54604681896556,30.56816134762214
Audi,2022,155378,LPG,CVT,4.3,329,Hatchback,Gray,6,48.1,High,3,0,1,2,60091.630458911255,182.64933270185793,13.974797781142152
Toyota,2014,150158,Diesel,CVT,3.0,422,Hatchback,Black,6,21.3,Medium,1,0,0,10,8383.148373446553,19.865280505797518,2.794382791148851
Toyota,2014,145448,Hybrid,Manual,3.1,433,Sedan,White,6,25.3,High,1,0,0,10,24265.845705149142,56.0412140996516,7.827692162951336
BMW,2020,61350,Diesel,Semi-Automatic,3.2,154,Convertible,Orange,4,13.7,High,1,1,1,4,69843.14454257554,453.52691261412684,21.825982669554854
Subaru,2013,71425,Petrol,CVT,1.7,369,Coupe,Black,12,14.5,Low,2,1,0,11,19831.544792205987,53.74402382711649,11.66561458365058
Honda,2015,234430,Electric,Semi-Automatic,1.8,496,Pickup,Red,6,39.1,High,1,1,0,9,25280.96504160511,50.969687583881274,14.044980578669506
Audi,2012,167708,Electric,Automatic,2.3,361,Wagon,Black,12,47.8,Medium,3,1,1,12,17510.48628085548,48.50550216303457,7.613254904719773
Nissan,2018,86120,Hybrid,Manual,3.4,145,Pickup,Green,8,34.4,High,2,0,0,6,27297.668444257153,188.25978237418727,8.02872601301681
Hyundai,2014,114889,Hybrid,Automatic,1.8,204,Hatchback,Green,8,38.6,Medium,2,1,0,10,21319.15530578883,104.50566326367074,11.843975169882684
Volkswagen,2012,182721,Electric,Automatic,1.5,398,Hatchback,Silver,4,40.5,High,1,0,0,12,20841.931127233147,52.36666112370138,13.894620751488764
Ford,2020,165682,Hybrid,Manual,4.9,166,SUV,Red,4,20.5,High,2,0,1,4,31656.85549845242,190.70394878585796,6.460582754786208
Mercedes-Benz,2010,141130,Diesel,Automatic,1.1,120,Pickup,Yellow,8,11.8,High,1,1,0,14,29104.27665668082,242.5356388056735,26.458433324255292
Ford,2019,74637,LPG,Manual,4.2,265,Sedan,Brown,6,10.1,Medium,3,1,1,5,40976.07436328036,154.6266957104919,9.756208181733419
Kia,2021,209105,LPG,Semi-Automatic,4.2,433,Hatchback,Yellow,8,24.0,Low,2,0,0,3,12912.115059540263,29.8201271582916,3.0743131094143483
Chevrolet,2015,70194,Diesel,Automatic,2.2,459,Hatchback,Brown,12,19.7,Medium,2,0,0,9,21434.85529602727,46.69903114602891,9.743116043648758
Kia,2011,76917,LPG,Manual,1.5,414,Wagon,Brown,4,12.5,Low,3,0,0,13,7248.083439666781,17.507447921900436,4.832055626444521
Toyota,2022,64200,Petrol,CVT,1.6,345,Wagon,Brown,4,17.2,Medium,3,1,0,2,60749.9602182674,176.08684121236928,37.96872513641713
Lexus,2012,105848,Diesel,Automatic,3.8,350,SUV,Blue,8,15.0,High,1,0,0,12,34664.779226045655,99.04222636013044,9.122310322643594
Volkswagen,2010,106022,Hybrid,Semi-Automatic,3.6,121,Convertible,Brown,6,46.6,High,2,0,1,14,24829.54317980068,205.20283619669982,6.897095327722411
Chevrolet,2018,177691,Diesel,Manual,4.1,172,SUV,Black,6,15.6,Low,3,0,0,6,28549.94460367481,165.98805002136515,6.963401122847515
Audi,2017,148226,Electric,Automatic,4.7,264,SUV,White,12,31.5,Low,2,0,0,7,45791.23558473706,173.45164994218584,9.74281608185895
Mercedes-Benz,2021,150611,Hybrid,Automatic,3.8,294,Wagon,Red,4,33.7,Medium,3,1,0,3,47783.202928775216,162.52790111828304,12.574527086519794
Honda,2011,60058,Electric,Automatic,1.6,96,Pickup,White,8,31.7,Medium,2,1,0,13,15529.930625193492,161.77011067909888,9.706206640745933
Volkswagen,2021,62068,Hybrid,Semi-Automatic,2.0,344,Pickup,Silver,8,14.0,Low,3,0,1,3,55839.89842603282,162.32528612218843,27.919949213016412
Volkswagen,2020,208385,LPG,Manual,4.4,193,Pickup,Black,4,22.8,Low,2,1,0,4,24763.50702903086,128.30832657528944,5.6280697793251955
Kia,2017,99932,Diesel,CVT,1.8,371,Convertible,Brown,8,12.1,Medium,1,0,0,7,41623.535415300765,112.19281783099936,23.12418634183376
Lexus,2021,161445,Petrol,CVT,1.3,371,Wagon,Blue,4,25.8,Low,2,1,0,3,42528.76036019293,114.63277725119389,32.71443104630225
Toyota,2023,164226,Hybrid,CVT,3.8,127,Sedan,Gray,6,17.5,Low,1,1,0,1,39634.768098247085,312.0847881751739,10.430202131117653
Tesla,2018,137103,Hybrid,Manual,2.6,386,Coupe,Yellow,6,32.5,Low,1,1,1,6,93643.86943394538,242.60069801540254,36.01687285920976
Nissan,2010,224605,Electric,CVT,4.7,176,Coupe,Green,8,37.7,Low,1,1,1,14,9299.884579612226,52.84025329325129,1.9786988467260056
Kia,2022,203047,LPG,Semi-Automatic,3.6,454,Sedan,Red,6,31.3,High,2,0,0,2,16991.578868334516,37.426385172542986,4.71988301898181
Volkswagen,2014,22785,Electric,Manual,1.4,174,Pickup,White,6,27.4,High,2,0,0,10,31307.824750331496,179.9300273007557,22.362731964522496
Mazda,2017,210000,Electric,Automatic,4.8,405,Coupe,Black,12,25.5,Low,1,0,0,7,31071.914845614738,76.72077739657959,6.4733155928364035
BMW,2020,249768,LPG,Semi-Automatic,2.0,153,Convertible,Gray,4,43.7,Medium,3,1,0,4,55887.262703147,365.27622681795424,27.943631351573497
Mercedes-Benz,2023,159741,Petrol,Automatic,2.3,415,Wagon,Orange,4,18.8,High,2,1,0,1,79480.95962369804,191.52038463541697,34.556938966825236
Nissan,2011,94475,Electric,CVT,2.6,147,Coupe,Orange,8,39.4,Medium,2,0,1,13,24862.450941553296,169.13231933029454,9.562481131366653
Kia,2013,248226,Electric,Semi-Automatic,1.2,325,Convertible,Green,4,40.3,Medium,2,1,1,11,20386.306750000113,62.727097692308035,16.988588958333427
Mercedes-Benz,2016,2282,Hybrid,Manual,3.0,485,Wagon,Orange,12,26.8,High,2,1,0,8,40676.60979600801,83.86929854847011,13.558869932002668
BMW,2012,165696,LPG,Semi-Automatic,1.5,156,Convertible,Yellow,8,21.9,Medium,1,0,0,12,14556.896069377291,93.31343634216212,9.704597379584861
Hyundai,2022,179510,Diesel,Automatic,2.6,287,Sedan,Silver,8,28.8,Medium,3,1,0,2,17836.99758331683,62.14981736347327,6.860383685891088
BMW,2021,220972,Petrol,Manual,2.4,451,SUV,Orange,4,13.7,Low,3,0,1,3,30656.91738432903,67.97542657279165,12.773715576803763
Lexus,2014,67534,Petrol,Semi-Automatic,4.1,333,Sedan,Green,6,11.8,Low,3,1,0,10,22237.465060439205,66.77917435567329,5.423771965960782
BMW,2017,162777,LPG,Semi-Automatic,4.2,300,Coupe,Silver,6,14.5,Low,3,0,0,7,40339.137666797775,134.46379222265924,9.604556587332803
Mercedes-Benz,2021,169316,Hybrid,Semi-Automatic,1.6,341,Wagon,Yellow,6,17.5,High,1,1,1,3,110473.21274756234,323.9683658286286,69.04575796722646
Ford,2019,74964,Hybrid,Semi-Automatic,2.5,489,Convertible,Green,6,30.2,Low,2,1,1,5,74764.45173439401,152.8925393341391,29.905780693757603
Mercedes-Benz,2012,168509,LPG,Manual,2.5,410,Coupe,Orange,12,44.0,Medium,2,1,0,12,17095.6775523961,41.69677451803927,6.83827102095844
Tesla,2013,208944,Hybrid,Automatic,1.6,423,Coupe,Brown,8,19.4,Medium,1,1,0,11,42058.213234686074,99.42840008200018,26.286383271678798
Toyota,2023,205950,Petrol,Semi-Automatic,4.2,338,SUV,Red,6,47.4,Medium,2,1,0,1,34475.168643179735,101.99754036443709,8.208373486471366
Chevrolet,2018,119006,Petrol,Manual,3.8,387,Pickup,Orange,12,48.2,Medium,1,0,0,6,38085.96076563499,98.41333531171833,10.02262125411447
Ford,2023,236440,Diesel,Automatic,1.8,153,Coupe,Green,8,48.4,Medium,3,1,1,1,59777.08995244041,390.6999343296759,33.20949441802245
Honda,2023,204054,LPG,Semi-Automatic,2.5,204,SUV,Red,4,43.5,High,1,0,1,1,43592.042931085554,213.68648495630174,17.43681717243422
Chevrolet,2016,50583,Electric,Automatic,1.4,267,Wagon,Red,4,24.6,Medium,2,0,0,8,44617.7199025634,167.10756517814008,31.869799930402433
Toyota,2010,38392,Electric,Automatic,3.5,333,Wagon,Silver,12,12.9,High,2,0,1,14,12116.011414075903,36.3844186608886,3.4617175468788295
Kia,2023,7461,Diesel,Manual,1.5,400,Convertible,Yellow,8,32.8,Medium,2,1,0,1,38499.12640578291,96.24781601445727,25.66608427052194
Nissan,2021,100123,Diesel,Automatic,4.9,387,Pickup,Orange,6,32.3,High,3,0,1,3,57892.02856187035,149.59180506943244,11.814699706504152
Tesla,2013,10516,Hybrid,Manual,4.1,314,SUV,Gray,8,44.0,High,1,1,0,11,47361.05200870161,150.83137582389048,11.55147609968332
Tesla,2013,210357,Diesel,Semi-Automatic,2.6,329,Sedan,Brown,6,49.8,Medium,1,1,0,11,22750.906981947555,69.15169295424789,8.750348839210599
Honda,2018,148586,Diesel,Automatic,3.3,411,Wagon,Yellow,12,30.3,Medium,2,1,1,6,38544.22378900322,93.7815663966015,11.68006781484946
Ford,2015,121251,Electric,Automatic,4.6,477,Pickup,Gray,6,23.8,Medium,1,0,1,9,44099.1027534657,92.45094916869118,9.586761468144717
Lexus,2018,232034,Hybrid,CVT,3.2,424,Convertible,Gray,12,17.4,Medium,2,1,1,6,33434.005161481095,78.85378575821012,10.448126612962842
Subaru,2021,167340,Diesel,Semi-Automatic,1.7,151,Sedan,White,8,10.2,Low,1,1,1,3,22974.338961187306,152.1479401403133,13.514317035992534
Hyundai,2015,221558,Diesel,Semi-Automatic,2.5,314,Wagon,Silver,8,30.4,Low,3,1,1,9,6234.259830859458,19.854330671526935,2.493703932343783
BMW,2015,231496,Hybrid,CVT,4.4,403,Wagon,Blue,6,32.2,High,3,0,0,9,35999.14899747414,89.32791314509713,8.181624772153214
Ford,2014,167860,LPG,CVT,3.6,235,Convertible,Black,8,43.0,High,1,0,0,10,19806.50546713845,84.28300198782318,5.501807074205125
Nissan,2014,206821,Hybrid,Manual,3.6,473,Convertible,Black,6,30.2,Low,3,0,1,10,27566.60294717857,58.28034449720628,7.657389707549602
Hyundai,2011,192121,Electric,Manual,4.5,194,Hatchback,Silver,8,46.7,High,3,0,0,13,8854.350538122028,45.64098215526818,1.9676334529160062
Tesla,2017,62493,LPG,Automatic,4.6,392,Coupe,Silver,4,35.1,Medium,3,1,0,7,33219.575107169614,84.74381404890208,7.221646762428177
Mercedes-Benz,2017,36027,Petrol,Automatic,4.7,307,Coupe,Gray,6,43.6,High,2,0,0,7,50040.700602106685,162.9990247625625,10.646957574916316
Nissan,2020,93547,Hybrid,Automatic,1.4,401,Sedan,Silver,12,15.9,High,1,1,0,4,45293.18097798959,112.95057600496158,32.35227212713542
Toyota,2022,173921,Electric,Automatic,3.2,425,Coupe,Gray,4,44.2,High,1,0,1,2,96991.43938595189,228.21515149635738,30.309824808109965
Honda,2010,100127,LPG,Manual,4.0,324,Sedan,Yellow,12,37.0,Low,2,1,0,14,6891.88278577791,21.271243165981204,1.7229706964444775
Toyota,2017,148930,Hybrid,Semi-Automatic,4.0,385,Pickup,Blue,8,16.8,Low,2,0,0,7,39282.31634446791,102.03199050511145,9.820579086116977
Subaru,2014,215234,Diesel,Automatic,3.4,93,Wagon,White,4,17.6,High,3,0,0,10,10100.44845993027,108.60697268742226,2.970720135273609
Nissan,2011,79003,Hybrid,Semi-Automatic,1.7,95,Hatchback,Gray,8,47.1,Medium,1,0,0,13,9522.918583130577,100.24124824347976,5.601716813606221
Audi,2023,183467,Petrol,Automatic,4.2,121,Hatchback,Silver,6,11.3,High,2,1,1,1,74598.3886825238,616.5156089464776,17.76152111488662
Audi,2011,39758,Hybrid,CVT,3.9,189,Wagon,Red,12,28.5,Low,3,1,0,13,16086.349651772307,85.1129611204884,4.124705038915976
Kia,2023,54312,LPG,Automatic,1.3,357,Convertible,Orange,8,22.5,Medium,1,0,0,1,70310.1086194372,196.9470829676112,54.084698938028616
Ford,2015,68670,LPG,Automatic,2.9,403,SUV,Black,12,36.6,High,3,0,0,9,12582.52671492758,31.222150657388536,4.338802315492269
Tesla,2020,247830,Hybrid,Automatic,1.7,98,SUV,Blue,12,43.6,Low,1,0,1,4,68523.19548429131,699.2162804519521,40.307762049583125
Tesla,2022,82279,LPG,Manual,2.3,145,Coupe,Orange,8,24.4,Medium,3,0,1,2,88819.51693293828,612.5483926409536,38.61718127519055
BMW,2018,15434,Diesel,CVT,1.1,246,Convertible,Green,6,27.1,High,1,0,0,6,111777.05440870243,454.37826995407494,101.6155040079113
BMW,2010,195119,Hybrid,Automatic,2.6,152,Sedan,Silver,12,49.3,Low,1,0,0,14,12489.087972243291,82.16505244896902,4.803495373939727
BMW,2021,178847,Diesel,Automatic,3.2,482,Pickup,Gray,8,41.4,Medium,1,1,1,3,48586.00619757537,100.80084273355887,15.183126936742303
Mercedes-Benz,2015,75769,Diesel,Semi-Automatic,3.5,479,Hatchback,White,6,45.9,High,1,1,0,9,46086.241121756786,96.21344701828139,13.167497463359082
Chevrolet,2018,245754,Electric,CVT,3.7,389,Coupe,Red,8,27.6,Medium,3,1,1,6,24767.366039351004,63.66932143792032,6.693882713338109
Volkswagen,2017,66677,Hybrid,Automatic,4.3,488,Wagon,White,6,19.4,Medium,2,1,0,7,47608.128089172154,97.55763952699212,11.071657695156315
Chevrolet,2020,83555,LPG,Semi-Automatic,1.9,191,Convertible,Orange,12,26.5,Medium,1,1,0,4,41613.37258080904,217.87106063250806,21.901775042531074
Toyota,2015,128379,Diesel,Semi-Automatic,1.5,353,Hatchback,Red,4,38.6,Low,1,1,1,9,11288.14181641178,31.977738856690596,7.525427877607854
Chevrolet,2012,216992,Electric,Manual,4.4,486,Sedan,Brown,8,14.4,High,1,0,0,12,17254.345071357016,35.50276763653707,3.921442061672049
Mercedes-Benz,2017,239511,Hybrid,Semi-Automatic,1.6,452,Sedan,Black,12,20.8,Medium,1,0,0,7,56763.00052602312,125.58185957084761,35.47687532876445
Kia,2018,176806,Hybrid,Automatic,4.9,164,SUV,Silver,8,11.9,Medium,3,0,0,6,33526.933981070346,204.43252427481917,6.842231424708234
Toyota,2010,101665,Petrol,Manual,4.4,218,Coupe,Green,8,27.3,Medium,2,0,1,14,10143.827958865983,46.531320912229276,2.305415445196814
Chevrolet,2021,219575,Petrol,Manual,3.0,118,Wagon,Orange,6,43.1,Low,2,0,1,3,17553.20333490433,148.75596046529094,5.851067778301443
Mercedes-Benz,2018,171675,Diesel,Automatic,4.9,184,Hatchback,Gray,8,11.0,Medium,2,1,0,6,27435.05586391179,149.10356447778148,5.598990992635059
Volkswagen,2023,207780,Petrol,CVT,1.4,403,Pickup,Black,6,37.0,Low,3,1,0,1,26369.57345837124,65.4331847602264,18.835409613122316
Chevrolet,2015,212998,Diesel,Semi-Automatic,2.2,360,Sedan,Green,12,47.3,Low,2,1,0,9,12807.165740998853,35.57546039166348,5.821438973181297
Mercedes-Benz,2015,68803,LPG,Manual,3.6,493,Hatchback,White,8,19.5,Medium,3,1,0,9,48002.29108711966,97.36773039983703,13.333969746422127
Subaru,2021,170404,Diesel,CVT,2.4,202,Wagon,Black,12,37.7,Medium,3,1,1,3,20279.659792339582,100.39435540762169,8.449858246808159
BMW,2013,91703,Petrol,Automatic,4.7,297,Hatchback,Green,4,49.0,Low,1,0,1,11,19757.64401436234,66.52405392041192,4.203754045609009
Subaru,2010,21312,LPG,Semi-Automatic,1.3,456,Coupe,Green,12,48.5,Low,3,1,1,14,10367.27306100314,22.73524794079636,7.974825431540877
Tesla,2019,224448,Petrol,Semi-Automatic,3.2,140,SUV,White,8,19.4,Medium,2,1,0,5,28194.935547950397,201.39239677107426,8.8109173587345
BMW,2017,215598,Diesel,Manual,3.4,179,Hatchback,Green,4,14.0,Low,2,1,0,7,14075.837169947261,78.63596184328078,4.139952108808018
Tesla,2011,175251,Electric,Semi-Automatic,3.6,386,Convertible,Blue,6,15.9,Low,2,0,1,13,39096.04361186953,101.2850870773822,10.860012114408203
Mazda,2021,202514,Hybrid,Semi-Automatic,2.0,433,SUV,Red,4,38.1,Medium,1,0,0,3,37945.01447696439,87.63282789137273,18.972507238482194
Honda,2010,245404,Petrol,Semi-Automatic,2.5,472,Wagon,Blue,8,39.0,Medium,1,0,0,14,5137.536070527485,10.884610318914163,2.055014428210994
Subaru,2011,117961,Diesel,Semi-Automatic,4.4,283,SUV,White,8,37.0,High,1,0,1,13,10976.461041493223,38.786081418703965,2.4946502367030052
Honda,2010,40379,LPG,Automatic,1.8,337,Hatchback,Yellow,12,23.4,Medium,3,0,0,14,11204.675651784728,33.248295702625306,6.224819806547071
Honda,2010,17297,Petrol,CVT,4.3,84,Hatchback,Black,6,16.8,Medium,2,0,1,14,8433.791126562186,100.4022753162165,1.961346773619113
Volkswagen,2018,2011,Petrol,Automatic,3.3,276,Convertible,Brown,8,33.2,Medium,3,1,0,6,24883.878156412226,90.15897882758053,7.540569138306735
BMW,2022,247202,Hybrid,Automatic,4.0,259,Sedan,Gray,8,29.3,High,3,1,0,2,75491.04575280417,291.471219122796,18.872761438201042
Mazda,2023,120234,Diesel,Manual,3.9,421,Convertible,Gray,6,39.2,Low,2,1,0,1,50684.64675988576,120.39108494034623,12.99606327176558
Tesla,2010,44014,Electric,Semi-Automatic,1.8,212,Hatchback,Orange,6,27.7,Medium,1,0,0,14,32337.792508533254,152.5367571157229,17.965440282518475
Mercedes-Benz,2022,243166,LPG,Automatic,3.3,403,Pickup,Orange,12,23.5,Medium,2,0,0,2,82560.17348102103,204.8639540471986,25.01823438818819
Toyota,2013,142810,Diesel,Semi-Automatic,4.5,332,SUV,White,4,21.7,High,3,0,1,11,14787.00734841797,44.539178760295094,3.286001632981771
Mercedes-Benz,2019,94333,LPG,Automatic,2.7,344,Convertible,Orange,6,18.5,High,3,0,1,5,107649.92259393712,312.9358214940033,39.870341701458194
Toyota,2015,178570,Petrol,Automatic,4.9,172,Convertible,Gray,8,20.6,High,1,1,0,9,27677.57795651177,160.91615090995217,5.6484852972473
Subaru,2016,11120,Hybrid,Manual,2.8,229,Pickup,Blue,6,13.8,Low,3,0,0,8,20995.298170537484,91.68252476217242,7.498320775191958
Audi,2011,247589,Hybrid,CVT,1.6,490,Pickup,Brown,8,23.9,High,3,0,1,13,28714.32218220444,58.60065751470294,17.946451363877774
Mercedes-Benz,2015,139839,Electric,CVT,2.6,217,Pickup,Gray,12,11.5,Low,2,0,1,9,35327.985265435476,162.80177541675334,13.587686640552107
Chevrolet,2016,22852,Hybrid,Automatic,4.8,287,Sedan,Blue,4,17.5,Medium,1,0,0,8,24830.74082584685,86.51826071723642,5.17307100538476
Chevrolet,2019,79239,Petrol,Manual,2.3,204,Hatchback,Yellow,12,39.9,Medium,2,0,1,5,30523.59759696359,149.6254784164882,13.27112938998417
Ford,2023,132001,Electric,Semi-Automatic,4.5,313,Hatchback,White,6,23.0,Medium,2,1,1,1,96366.37916847927,307.8798056500935,21.414750926328725
BMW,2019,208559,Diesel,Semi-Automatic,4.5,140,Wagon,Silver,8,36.7,High,2,0,1,5,45518.5099311596,325.13221379399715,10.115224429146577
Toyota,2011,249459,Hybrid,Automatic,2.4,386,Sedan,Yellow,6,38.7,Medium,3,0,0,13,5190.84381949626,13.44778191579342,2.162851591456775
Toyota,2011,91575,Electric,CVT,1.3,345,Wagon,Yellow,6,33.2,High,3,1,1,13,20313.74124628965,58.88040940953522,15.625954804838193
Nissan,2019,245221,Petrol,Manual,3.9,213,Wagon,Gray,6,48.3,Low,1,0,1,5,18182.309248305737,85.36295421739783,4.662130576488651
Kia,2016,95040,LPG,CVT,2.2,397,Wagon,White,6,10.9,Medium,3,0,1,8,14193.823987525671,35.75270525825106,6.451738176148033
BMW,2021,148510,LPG,Semi-Automatic,4.1,192,Coupe,Red,4,39.5,Low,1,1,1,3,95294.08269039524,496.32334734580854,23.242459192779325
Volkswagen,2010,179587,Petrol,CVT,2.8,468,Wagon,Green,8,48.4,High,2,1,0,14,9227.836228675704,19.71759877922159,3.2956557959556085
Ford,2017,5744,Petrol,Semi-Automatic,2.9,457,Convertible,Yellow,6,44.5,High,2,1,1,7,33467.19991225847,73.23238492835551,11.540413762847747
Volkswagen,2020,214892,LPG,Manual,4.1,270,SUV,Orange,8,16.7,Medium,3,1,1,4,14182.155503108308,52.5265018633641,3.4590623178312945
Subaru,2022,173489,Electric,Manual,2.5,458,Convertible,Blue,4,23.1,Medium,3,1,1,2,56989.49375028611,124.43120906176006,22.795797500114443
Subaru,2012,236356,LPG,Automatic,2.8,266,Convertible,Red,8,16.9,High,1,1,0,12,15687.765272888932,58.97656117627418,5.602773311746047
Volkswagen,2020,138141,Petrol,Automatic,2.5,398,Hatchback,White,8,34.1,Medium,3,1,0,4,21025.963719681386,52.82905457206378,8.410385487872555
Volkswagen,2015,42359,Hybrid,CVT,2.5,446,Coupe,Silver,4,38.5,Medium,3,1,0,9,50327.55985703991,112.84206245973074,20.131023942815965
Mazda,2018,150871,Diesel,Manual,3.1,168,Wagon,Brown,6,22.7,Low,3,1,1,6,12277.90818608487,73.08278682193375,3.960615543898345
BMW,2015,98746,Hybrid,Manual,4.2,266,Hatchback,Red,8,31.6,High,2,1,1,9,32986.60845056092,124.00980620511623,7.853954392990695
Volkswagen,2018,224834,Hybrid,Automatic,2.4,386,Sedan,Silver,12,37.6,Low,3,0,1,6,30949.077741987763,80.17895788079731,12.895449059161567
Chevrolet,2016,120906,Petrol,Semi-Automatic,3.1,211,Sedan,Gray,8,26.9,Medium,3,1,0,8,11310.251046351845,53.60308552773386,3.648468079468337
Kia,2018,201260,LPG,CVT,3.7,439,Hatchback,Black,6,44.2,Low,2,1,1,6,16608.690526457223,37.83300803293217,4.488835277420871
Kia,2011,220931,Electric,CVT,2.1,202,SUV,Green,12,40.9,High,2,1,1,13,17002.406556189922,84.17032948608872,8.096384074376154
Honda,2021,238746,Hybrid,Automatic,2.1,127,Hatchback,Gray,6,12.6,Low,2,1,0,3,24947.913759829768,196.44026582543125,11.87995893325227
Audi,2017,7597,LPG,Manual,4.7,367,Hatchback,White,8,34.8,Low,2,1,1,7,43710.43141379186,119.10199295311135,9.300091790168482
Subaru,2017,47093,Electric,Automatic,3.9,455,Coupe,Black,4,19.4,Medium,3,0,1,7,72319.15848972861,158.943205471931,18.543373971725284
Toyota,2011,168298,Hybrid,Automatic,3.3,258,Sedan,Silver,6,32.3,High,3,0,0,13,17288.553676363783,67.00989797040226,5.238955659504176
Nissan,2021,203199,Electric,Automatic,3.6,259,Sedan,Black,6,48.3,Medium,3,0,0,3,21950.67150656363,84.75162743846961,6.097408751823231
Lexus,2023,114650,LPG,Automatic,1.1,178,Wagon,Brown,4,45.2,Medium,1,1,0,1,72990.67396023551,410.0599660687388,66.35515814566864
Toyota,2013,222441,Diesel,Semi-Automatic,3.5,409,Convertible,Orange,8,26.2,High,2,1,0,11,8643.538768155104,21.133346621406123,2.4695825051871725
Audi,2023,208434,LPG,Semi-Automatic,3.0,113,Hatchback,Orange,6,21.7,Low,3,0,0,1,20740.98053493072,183.54850030912144,6.9136601783102405
Nissan,2020,157489,Petrol,Manual,3.2,499,Hatchback,Gray,8,19.4,Medium,3,1,1,4,16290.181353576178,32.64565401518272,5.090681672992556
Mazda,2016,149765,Electric,Automatic,2.4,149,SUV,Gray,8,31.3,Low,3,1,0,8,38747.191040305355,260.0482620154722,16.144662933460566
BMW,2020,210746,Diesel,Semi-Automatic,1.3,250,Pickup,White,8,14.6,High,2,0,1,4,51616.40626633282,206.4656250653313,39.7049278971791
Mercedes-Benz,2013,120956,Electric,Manual,1.8,445,Pickup,White,4,32.0,Medium,2,1,1,11,38870.69761798405,87.3498822876046,21.594832009991137
BMW,2013,115598,Electric,Automatic,4.8,351,Sedan,Blue,8,10.1,Low,2,1,0,11,27700.976345457453,78.92016052836881,5.771036738636969
Toyota,2015,184233,Hybrid,CVT,2.6,138,SUV,Brown,8,23.0,Low,3,1,0,9,26189.830436312517,189.78137997327912,10.073011706274045
Toyota,2019,133241,Petrol,Semi-Automatic,2.9,260,Coupe,White,12,18.8,Medium,2,1,1,5,27168.231374110706,104.49319759273348,9.368355646245071
Nissan,2015,215164,Electric,Manual,1.2,98,Wagon,Yellow,12,48.8,High,3,1,1,9,12661.633734507293,129.20034422966626,10.551361445422744
Nissan,2019,153124,LPG,CVT,1.2,305,SUV,Brown,12,39.1,Low,1,1,1,5,41456.10516792656,135.9216562882838,34.546754306605465
Subaru,2012,202921,LPG,Automatic,3.9,174,Sedan,Blue,6,24.0,High,2,1,0,12,10098.199076364292,58.035626875656845,2.5892818144523826
Mazda,2018,204923,Hybrid,Automatic,3.2,448,Coupe,Orange,6,13.7,Medium,2,0,1,6,21177.35987388311,47.27089257563194,6.617924960588471
Subaru,2021,8036,Petrol,Automatic,3.0,376,Hatchback,Red,12,30.7,Low,3,0,0,3,36942.41310786802,98.25109869113835,12.314137702622673
Audi,2019,31778,Petrol,Semi-Automatic,2.0,160,Coupe,Blue,4,18.5,Low,2,1,1,5,103846.23152772865,649.0389470483041,51.923115763864324
Volkswagen,2023,158806,LPG,Manual,4.0,254,Convertible,Blue,4,31.5,Low,2,1,1,1,68835.16174721088,271.0045738079168,17.20879043680272
BMW,2020,154245,Diesel,CVT,1.7,301,SUV,Gray,12,43.4,High,3,0,1,4,37087.02496521097,123.21270752561784,21.815897038359395
Nissan,2011,161475,Hybrid,Manual,1.8,182,Sedan,Green,6,34.6,Low,3,0,0,13,6824.5621007484815,37.49759396015649,3.791423389304712
Tesla,2015,197393,Hybrid,Semi-Automatic,2.8,133,SUV,Black,6,35.4,Low,3,0,0,9,19876.243019283538,149.44543623521457,7.098658221172692
Audi,2021,202747,LPG,Manual,2.1,262,Hatchback,Orange,4,31.6,Medium,1,0,1,3,37803.32612605193,144.28750429790813,18.001583869548536
Chevrolet,2016,137416,LPG,Semi-Automatic,2.0,430,Pickup,Silver,8,47.1,Low,3,0,1,8,25705.647168338433,59.78057481008938,12.852823584169217
Mazda,2021,18800,Diesel,Automatic,3.6,482,Hatchback,Silver,4,47.3,High,2,0,1,3,33107.47994958034,68.68771773771854,9.196522208216761
Toyota,2022,25372,Diesel,CVT,3.6,397,Sedan,White,8,30.5,Medium,1,0,0,2,64641.597205094105,162.82518187681134,17.955999223637253
Subaru,2018,61516,Petrol,Automatic,4.3,434,Convertible,Orange,6,22.2,Medium,3,1,0,6,49722.91361904491,114.56892538950441,11.563468283498818
Audi,2022,20538,Hybrid,Manual,2.7,428,Wagon,Yellow,6,28.4,Low,1,0,0,2,143336.40842969593,334.89815053667274,53.08755867766516
Lexus,2012,63918,Hybrid,Automatic,1.3,400,Coupe,White,12,17.5,Medium,1,0,0,12,58238.979009431714,145.5974475235793,44.79921462263978
BMW,2019,146045,LPG,CVT,2.1,147,Coupe,White,6,35.5,Low,2,0,0,5,42602.020768418,289.80966509127893,20.286676556389523
Nissan,2012,71155,Petrol,Automatic,4.9,107,Hatchback,Blue,8,30.0,Medium,1,1,1,12,10152.68816169298,94.8849360905886,2.0719771758557104
Toyota,2016,231312,Hybrid,CVT,3.4,353,SUV,Orange,4,14.1,High,3,1,1,8,25126.035681493344,71.1785713356752,7.390010494556866
Mercedes-Benz,2023,59500,Petrol,CVT,3.8,361,Pickup,Black,12,17.9,Low,1,1,1,1,170206.9894716183,471.4875054615465,44.79131301884692
Lexus,2013,167647,Petrol,Automatic,1.0,439,SUV,White,8,29.2,High,1,0,0,11,16719.119387110983,38.084554412553494,16.719119387110982
Mazda,2022,236527,LPG,Semi-Automatic,3.1,482,Convertible,Green,4,45.5,Low,2,0,1,2,44872.531175025826,93.09653770752246,14.475010056459944
Audi,2017,173333,Petrol,Manual,1.2,390,Wagon,Brown,4,32.7,High,2,0,0,7,18498.40258655571,47.431801503989,15.415335488796424
Ford,2022,110659,Diesel,Semi-Automatic,3.3,198,SUV,Yellow,4,37.3,High,3,1,0,2,21486.57480758635,108.51805458376944,6.5110832750261665
Toyota,2016,27716,Diesel,Semi-Automatic,4.7,459,Coupe,Yellow,6,23.6,Medium,2,1,1,8,22417.917577605785,48.84077903617818,4.769769697362933
BMW,2014,134308,Electric,Automatic,4.9,213,Pickup,White,4,32.9,Low,3,1,1,10,66781.92733924354,313.53017530161287,13.628964763110927
Honda,2016,146920,LPG,Manual,3.2,208,SUV,Green,6,27.9,Medium,3,1,0,8,16411.960487764525,78.9036561911756,5.128737652426414
Tesla,2012,2352,Electric,Manual,2.8,87,Pickup,Brown,4,36.4,High,2,1,0,12,21374.642705491187,245.68554833897917,7.633800966246852
Hyundai,2021,133004,Diesel,Semi-Automatic,4.8,130,Wagon,Red,4,12.0,Low,1,1,1,3,45397.299538576,349.20999645058464,9.457770737203333
Lexus,2011,76449,Electric,Automatic,3.7,420,Coupe,Gray,6,29.7,High,2,0,0,13,47969.15477136417,114.21227326515279,12.964636424693019
Volkswagen,2015,8556,LPG,Manual,1.3,360,Pickup,Gray,6,21.8,High,1,1,0,9,37263.94483684045,103.51095788011236,28.664572951415728
Hyundai,2011,86836,LPG,Semi-Automatic,2.9,254,SUV,Gray,8,23.0,High,1,1,0,13,8213.807305055454,32.337824035651394,2.832347346570846
BMW,2012,136570,Petrol,Manual,2.0,262,Coupe,Blue,4,48.4,High,3,1,1,12,15268.610871963689,58.27714073268584,7.634305435981845
Chevrolet,2015,207190,Hybrid,Automatic,2.9,271,Hatchback,Yellow,6,17.3,Medium,3,1,0,9,15471.026692382457,57.08865938148508,5.334836790476709
Subaru,2014,50098,Petrol,Automatic,2.8,328,Hatchback,Silver,8,22.4,High,2,0,0,10,23546.985140976696,71.78958884444114,8.40963755034882
Chevrolet,2017,195458,LPG,Automatic,3.3,314,Convertible,Silver,8,30.4,Medium,1,0,0,7,29348.848156363572,93.46766928778207,8.893590350413204
Honda,2018,112169,Diesel,Manual,2.4,162,Hatchback,Blue,6,44.5,High,2,1,0,6,20515.69004635693,126.64006201454895,8.548204185982053
Lexus,2020,140641,Diesel,CVT,1.7,172,SUV,White,4,26.7,Low,3,0,0,4,54225.57909511495,315.2649947390404,31.897399467714674
Volkswagen,2012,247199,Petrol,Manual,3.0,452,Wagon,Orange,8,39.8,High,1,0,0,12,7065.836976274652,15.632382690873126,2.355278992091551
Ford,2021,126060,LPG,CVT,4.3,473,Coupe,Orange,4,44.3,High,2,0,0,3,53777.80591179086,113.69514991921959,12.506466491114153
Honda,2019,187954,Diesel,Automatic,3.7,391,Pickup,Gray,4,22.4,Low,2,0,1,5,24956.277665274618,63.82679709788905,6.744939909533681
Lexus,2012,201465,LPG,Semi-Automatic,2.4,347,Sedan,Orange,8,25.7,Low,3,0,1,12,7960.1820908201435,22.94000602541828,3.3167425378417263
Kia,2012,130544,Diesel,CVT,4.7,496,Hatchback,White,6,24.3,High,3,0,1,12,7202.511849053469,14.521193244059413,1.5324493295858443
Hyundai,2022,340,LPG,Automatic,4.6,199,Hatchback,Red,4,43.3,High,3,0,0,2,35643.286361478386,179.11199176622304,7.748540513364866
Honda,2022,175021,Electric,Automatic,1.8,150,Sedan,Blue,12,11.8,Medium,3,1,1,2,55085.1018177119,367.2340121180793,30.602834343173274
Hyundai,2015,82302,LPG,CVT,1.2,96,Pickup,Red,6,22.3,Low,2,0,1,9,11155.995120291782,116.2082825030394,9.29666260024315
Toyota,2010,193515,LPG,Semi-Automatic,4.0,332,Pickup,Yellow,8,37.2,Low,3,1,0,14,5743.471802537716,17.29961386306541,1.435867950634429
Chevrolet,2016,222740,Petrol,Automatic,4.3,201,Sedan,Orange,12,32.6,Medium,3,0,1,8,6812.096091747294,33.89102533207609,1.5842083934296032
Toyota,2021,205099,Electric,CVT,4.9,459,Pickup,Brown,4,27.5,High,2,0,0,3,62673.33371873869,136.54321071620632,12.790476269130346
Tesla,2010,138,Hybrid,Semi-Automatic,4.6,89,SUV,Gray,6,31.6,High,2,0,0,14,38548.57527754222,433.1300592982272,8.380125060335265
Kia,2023,131430,Petrol,Semi-Automatic,3.4,366,Pickup,Blue,12,17.9,Low,1,1,0,1,64809.880748071955,177.07617690730044,19.06172963178587
Volkswagen,2014,119619,Hybrid,Automatic,3.1,395,Coupe,Gray,6,27.2,Medium,2,0,1,10,43894.35222689446,111.12494234656825,14.159468460288535
Ford,2019,206322,Diesel,Manual,1.1,405,Pickup,Orange,4,30.1,High,1,1,0,5,24560.191411180487,60.64244792884071,22.327446737436805
Mazda,2022,85376,Hybrid,Manual,2.0,352,Hatchback,Black,6,46.0,Low,3,0,1,2,23665.537572762598,67.23164083171193,11.8327687863813
Hyundai,2017,99931,LPG,Automatic,2.8,385,Wagon,Orange,12,20.4,High,1,0,0,7,20951.25455359378,54.41884299634748,7.482590911997778
Ford,2013,161726,Hybrid,Semi-Automatic,3.5,372,SUV,Blue,6,44.7,High,1,1,0,11,11969.309182778257,32.17556231929639,3.4198026236509307
Hyundai,2014,156951,Petrol,Automatic,3.2,289,SUV,Silver,8,35.8,High,3,0,1,10,8078.182202314048,27.95218755125968,2.52443193822314
BMW,2013,81532,Petrol,CVT,4.0,297,Pickup,Blue,8,10.8,Low,3,0,0,11,20943.625754680204,70.51725843326668,5.235906438670051
Honda,2021,55778,Hybrid,Manual,2.1,320,Wagon,Green,12,39.0,Medium,3,0,1,3,53527.184969388465,167.27245302933895,25.489135699708793
Tesla,2021,37772,Petrol,CVT,3.3,453,Wagon,Brown,6,11.4,Medium,1,1,0,3,88248.45226295435,194.8089453928352,26.741955231198286
Chevrolet,2023,58478,Petrol,Automatic,1.4,279,Convertible,Orange,12,49.9,High,2,0,0,1,50971.92691090956,182.69507853372602,36.40851922207826
Mazda,2013,195425,Hybrid,Automatic,2.7,295,Wagon,Green,6,44.9,Medium,2,0,0,11,15575.927244168615,52.7997533700631,5.768861942284673
Nissan,2021,26762,Electric,Semi-Automatic,4.0,284,Pickup,Silver,4,21.9,High,2,0,0,3,37625.36691132614,132.4836863074864,9.406341727831535
Hyundai,2017,144355,Electric,Semi-Automatic,3.8,492,Pickup,White,8,20.3,Low,3,1,0,7,35947.328898532855,73.06367662303425,9.459823394350751
Ford,2011,194994,Diesel,Semi-Automatic,5.0,495,Sedan,White,4,25.3,Low,3,0,0,13,13765.602526143237,27.8092980326126,2.7531205052286474
Tesla,2010,170492,Petrol,CVT,2.1,295,Hatchback,Brown,6,24.2,Low,2,1,0,14,9741.842392900508,33.02319455220511,4.638972568047861
Mercedes-Benz,2012,55568,Hybrid,Semi-Automatic,3.0,159,Convertible,Yellow,4,24.9,High,3,0,0,12,50954.9292582344,320.4712531964428,16.984976419411467
Mazda,2018,85090,Petrol,Automatic,2.3,346,Pickup,Brown,12,22.7,Medium,1,0,1,6,32185.563631342244,93.02186020619146,13.993723317974888
Mercedes-Benz,2013,20219,LPG,Semi-Automatic,2.8,469,Sedan,Brown,12,34.8,Low,1,1,1,11,23319.04065419775,49.72076898549627,8.328228805070625
Toyota,2019,57169,Petrol,Manual,4.4,458,Convertible,Brown,6,16.6,High,3,1,1,5,28997.2726635406,63.31282240947729,6.590289241713773
Chevrolet,2014,231527,Petrol,Semi-Automatic,3.7,114,Hatchback,Brown,8,43.8,Medium,2,1,0,10,13737.196143415695,120.50172055627803,3.7127557144366743
Subaru,2011,74965,Electric,CVT,4.5,368,Convertible,Brown,12,42.5,Medium,2,1,1,13,18447.422406312544,50.12886523454495,4.099427201402787
Subaru,2013,177912,Hybrid,Manual,1.8,97,Sedan,Red,8,29.1,Medium,1,1,1,11,14301.695659151015,147.44016143454655,7.945386477306119
Nissan,2011,175767,Petrol,Manual,4.5,244,Coupe,Silver,6,44.1,High,3,0,0,13,13103.341554362745,53.70221948509322,2.911853678747277
BMW,2011,236281,Electric,Manual,1.2,92,Pickup,Blue,8,19.9,High,2,0,1,13,15626.120618232111,169.84913715469685,13.021767181860092
Ford,2013,84754,Diesel,CVT,4.6,281,Hatchback,Orange,6,10.7,High,2,1,0,11,12345.189540216003,43.93305886197866,2.683736856568696
Lexus,2015,77988,Electric,Automatic,2.3,308,SUV,Green,4,34.8,Low,3,0,1,9,73304.26760260003,238.00086883961046,31.87142069678262
Nissan,2016,189414,Electric,Semi-Automatic,2.3,425,Hatchback,Brown,6,28.3,High,3,0,1,8,16025.180747467126,37.70630764109912,6.967469890203098
Honda,2019,245588,Electric,Manual,3.0,445,Hatchback,Yellow,4,32.7,Low,2,1,1,5,25663.04717259673,57.66976892718366,8.554349057532242
Honda,2012,150023,Petrol,Manual,4.8,80,Hatchback,Gray,6,46.0,Low,3,1,1,12,9579.147990892541,119.73934988615676,1.995655831435946
Ford,2012,132379,Petrol,Manual,1.2,398,Coupe,Orange,12,48.8,Low,3,1,1,12,22486.792590296147,56.49947887009082,18.73899382524679
Lexus,2019,80388,Diesel,Automatic,2.4,296,Pickup,Gray,12,35.4,High,3,0,0,5,74676.40546475949,252.28515359716044,31.11516894364979
Volkswagen,2015,90768,LPG,Automatic,4.4,113,Sedan,Green,8,40.6,Low,2,1,1,9,24621.043141357866,217.8853375341404,5.595691623035878
BMW,2022,35428,LPG,CVT,2.6,438,Pickup,Green,6,13.4,High,1,0,0,2,105886.24405037722,241.74941564013065,40.72547848091432
Tesla,2021,239779,LPG,Automatic,1.8,345,SUV,Orange,6,16.4,High,3,1,1,3,70060.03124662008,203.07255433802922,38.9222395814556
Hyundai,2012,92021,Diesel,Semi-Automatic,2.7,207,Sedan,Yellow,6,39.3,Low,2,1,0,12,16893.984891104003,81.61345358021258,6.25703144114963
Lexus,2022,118418,LPG,CVT,2.5,291,Convertible,Red,8,27.3,Low,1,1,1,2,110947.18598988753,381.2618075253867,44.37887439595501
Subaru,2011,206846,LPG,CVT,4.7,342,Convertible,White,12,27.8,Low,2,1,1,13,17156.675988173243,50.16571926366446,3.6503565932283495
Mazda,2017,170047,Electric,Semi-Automatic,4.0,391,Convertible,Green,6,22.3,High,2,0,1,7,26823.222247147627,68.60159142492999,6.705805561786907
Volkswagen,2014,248922,Petrol,Semi-Automatic,3.0,159,Sedan,Yellow,8,34.3,High,2,0,1,10,12288.23239041776,77.28448044287899,4.096077463472587
Hyundai,2010,132212,Petrol,Semi-Automatic,5.0,244,Wagon,Green,6,17.4,Low,1,0,1,14,5000.0,20.491803278688526,1.0
Hyundai,2012,155914,Electric,CVT,2.9,492,Coupe,Black,4,35.1,Low,2,1,0,12,15329.528794552587,31.15757885071664,5.286044411914685
Volkswagen,2019,26421,Electric,CVT,1.2,331,Wagon,White,6,17.0,Medium,1,0,1,5,39358.312722433206,118.9072891916411,32.798593935361005
Toyota,2017,1708,Electric,CVT,2.0,91,Pickup,Green,4,12.6,Low,3,0,1,7,56592.42503650727,621.8947806209591,28.296212518253636
Mercedes-Benz,2013,134702,Petrol,Semi-Automatic,2.7,480,Convertible,Yellow,8,23.2,Medium,1,0,0,11,36183.19067440791,75.38164723834981,13.401181731262188
Hyundai,2023,150667,LPG,Semi-Automatic,1.6,383,Coupe,Green,8,19.2,Medium,2,1,1,1,49894.043413694766,130.27165382165737,31.18377713355923
Volkswagen,2016,76021,Electric,Manual,4.8,291,Sedan,Gray,12,45.6,High,1,0,1,8,35001.60980492282,120.28044606502687,7.292002042692253
Lexus,2019,159380,Diesel,Automatic,4.1,361,Convertible,Orange,6,12.2,High,2,1,1,5,37352.10700166529,103.46844044782628,9.110270000406167
Volkswagen,2021,44789,Electric,Manual,2.1,191,Sedan,Orange,8,17.1,Medium,3,1,1,3,54142.69850041206,283.46962565660766,25.782237381148597
Kia,2023,186762,Hybrid,Semi-Automatic,3.4,290,Coupe,Green,12,31.9,Medium,1,0,1,1,57752.80469556834,199.1476023985115,16.986119028108334
Nissan,2023,26086,Electric,CVT,3.9,457,Sedan,Yellow,6,29.2,Low,3,0,0,1,96243.51110410407,210.5984925691555,24.677823360026682
Audi,2011,16859,Petrol,Semi-Automatic,4.8,318,Sedan,Gray,8,11.8,Medium,1,1,1,13,17246.411159862066,54.23399735805681,3.5930023249712635
Toyota,2016,7684,Electric,Automatic,4.5,347,SUV,Red,4,10.3,Low,2,1,0,8,36528.28755314143,105.26884021078223,8.11739723403143
Chevrolet,2014,91088,Hybrid,Manual,3.1,484,Pickup,Red,8,49.5,High,1,1,1,10,31877.547797557054,65.86270206106829,10.283079934695824
Audi,2014,132279,Diesel,Manual,4.1,377,Wagon,Gray,4,36.4,Low,3,0,1,10,15563.190624507784,41.28167274405248,3.7959001523189717
Nissan,2015,46099,LPG,CVT,3.2,396,Wagon,Blue,12,24.6,High,1,1,0,9,15674.320554470189,39.58161756179341,4.898225173271934
Nissan,2022,198568,Electric,Manual,3.2,137,Wagon,Yellow,12,28.8,Medium,3,1,1,2,24701.038775622972,180.29955310673702,7.719074617382179
Nissan,2018,66093,Hybrid,Manual,1.5,113,Hatchback,Red,6,20.7,Medium,3,1,1,6,27903.41481833248,246.93287449851752,18.602276545554986
Audi,2023,160761,Hybrid,Semi-Automatic,1.5,342,SUV,Blue,6,23.8,Medium,2,0,0,1,82385.02072113931,240.89187345362373,54.923347147426206
Ford,2015,48651,Diesel,Manual,3.1,444,Convertible,Yellow,6,36.0,Low,1,1,1,9,41920.76207718755,94.41613080447647,13.522826476512114
Mercedes-Benz,2021,13893,Petrol,Manual,2.1,114,Convertible,Gray,12,45.3,High,3,1,1,3,141523.1140602293,1241.4308250897307,67.39195907629967
Volkswagen,2022,228880,Electric,Manual,1.1,350,Convertible,Brown,4,17.4,High,2,1,0,2,75769.36745454566,216.4839070129876,68.88124314049605
Mazda,2023,66418,Hybrid,CVT,3.9,306,Wagon,Blue,6,43.6,High,2,1,0,1,54342.6588375074,177.5903883578673,13.93401508654036
Mercedes-Benz,2017,125074,Diesel,CVT,1.1,104,Pickup,Blue,6,14.9,High,2,1,1,7,49859.89920571774,479.42210774728596,45.32718109610703
Subaru,2016,103065,LPG,Semi-Automatic,3.4,313,Wagon,Green,12,18.6,High,3,0,1,8,15587.293223747063,49.7996588618117,4.584498006984431
Lexus,2018,130351,Hybrid,Manual,3.2,138,Pickup,Silver,4,11.5,Low,1,0,1,6,21840.62328241028,158.26538610442233,6.8251947757532125
BMW,2013,191083,Diesel,CVT,4.9,330,SUV,Silver,8,15.6,High,3,1,0,11,21764.988545448614,65.95451074378367,4.44183439703033
Ford,2011,38635,Petrol,CVT,2.9,414,Pickup,Yellow,6,46.7,Medium,2,1,0,13,16395.332639180557,39.60225275164386,5.653562979027778
Chevrolet,2016,187187,Petrol,Semi-Automatic,1.3,165,Sedan,Green,8,28.4,High,3,1,1,8,15037.22081731677,91.13467162010163,11.567092936397515
Mercedes-Benz,2015,95071,Hybrid,Automatic,3.2,330,Wagon,Orange,8,13.1,Medium,3,1,1,9,87028.77223638346,263.723552231465,27.196491323869832
Mazda,2010,209477,Hybrid,Manual,4.4,469,Convertible,White,6,48.4,Low,2,1,1,14,19284.10105362295,41.117486255059596,4.382750239459762
Honda,2020,203774,Electric,CVT,5.0,259,Sedan,Brown,12,45.2,Low,1,1,0,4,18633.88897979632,71.94551729651089,3.726777795959264
Nissan,2018,78518,Diesel,Semi-Automatic,2.7,286,Wagon,White,6,40.2,Medium,2,0,0,6,32040.61779946598,112.03013216596497,11.866895481283697
Hyundai,2018,106233,Hybrid,Semi-Automatic,2.3,423,Coupe,Blue,4,47.3,High,2,1,0,6,18674.953054940834,44.14882518898542,8.119544806496014
Subaru,2021,103651,Electric,Semi-Automatic,4.6,228,Hatchback,Black,4,18.8,Low,3,1,1,3,53702.11158755698,235.5355771384078,11.674372084251518
BMW,2011,72805,Electric,CVT,1.8,150,Wagon,Red,6,43.5,Low,2,0,1,13,20988.181368720725,139.92120912480485,11.660100760400402
Toyota,2012,190026,Hybrid,Manual,3.5,200,Coupe,Red,8,37.6,Low,3,0,1,12,18466.170190287812,92.33085095143906,5.276048625796518
Chevrolet,2014,159136,Petrol,Automatic,2.6,332,SUV,Green,4,44.8,High,2,0,0,10,24762.20032739436,74.58494074516373,9.523923202843985
Lexus,2014,122813,Diesel,Manual,1.2,172,Coupe,Silver,4,41.9,Medium,2,0,1,10,13457.076197299712,78.23881510057971,11.214230164416426
BMW,2010,79063,Diesel,Semi-Automatic,2.4,335,SUV,Black,6,23.9,Medium,1,1,0,14,38592.06955573749,115.20020762906714,16.080028981557287
Nissan,2017,2454,Petrol,Semi-Automatic,2.1,333,Wagon,Green,6,41.0,High,2,0,1,7,35474.41535155324,106.52977583049021,16.892578738834874
Hyundai,2021,20878,Hybrid,Automatic,3.7,431,SUV,Blue,12,20.5,Low,1,0,0,3,56868.10513647778,131.94455948138696,15.369758144993995
Ford,2017,182170,Diesel,Manual,4.8,367,Coupe,Black,6,23.1,High,2,0,1,7,30711.034940682654,83.68129411630152,6.398132279308886
Hyundai,2013,193226,Hybrid,Semi-Automatic,2.1,388,Pickup,Red,6,14.3,High,2,1,1,11,17937.920538088318,46.23175396414515,8.5418669228992
Audi,2022,144063,Hybrid,Semi-Automatic,4.2,138,Hatchback,Yellow,4,47.4,Medium,2,1,0,2,91652.15957444542,664.1460838727929,21.821942755820338
Hyundai,2016,68344,Electric,Manual,1.2,148,Sedan,Blue,4,21.6,High,1,1,1,8,29356.469209302675,198.35452168447753,24.463724341085562
Audi,2020,104946,Petrol,Semi-Automatic,3.2,467,Sedan,Green,4,30.8,High,3,0,0,4,58806.73184156626,125.92447931812903,18.377103700489457
Subaru,2019,36593,Hybrid,Manual,1.3,165,Hatchback,Orange,8,25.7,Low,1,1,1,5,45864.5786217643,277.9671431622079,35.28044509366485
Ford,2012,36304,LPG,Semi-Automatic,4.7,353,Convertible,Gray,4,48.4,Low,2,0,1,12,38123.15064643707,107.99759389925515,8.111308648178099
Lexus,2015,161458,Petrol,Manual,4.1,306,Sedan,Blue,4,23.4,Medium,3,0,1,9,16344.549150566216,53.41355931557587,3.986475402577126
Tesla,2023,186292,Diesel,Automatic,3.6,160,Wagon,Blue,6,41.1,Low,2,0,0,1,37813.9264861959,236.33704053872438,10.50386846838775
Nissan,2019,113613,Electric,Semi-Automatic,4.3,193,Convertible,Orange,12,44.2,High,1,0,1,5,62026.334596486544,321.37997200252096,14.424728975927103
Audi,2022,200410,Diesel,Automatic,3.6,263,Wagon,Brown,4,27.4,High,1,1,0,2,101460.48092001461,385.7812962738198,28.18346692222628
Toyota,2019,225361,Diesel,Semi-Automatic,4.9,359,Coupe,Yellow,12,25.1,High,3,1,1,5,15675.54084752722,43.66445918531259,3.199089968883106
Hyundai,2021,152155,Petrol,Semi-Automatic,3.9,401,Coupe,Orange,4,39.9,Medium,1,1,1,3,33798.454441594695,84.2854225476177,8.666270369639665
Hyundai,2023,18354,Diesel,CVT,4.7,476,Convertible,White,4,46.5,Low,2,1,0,1,36021.7605420069,75.67596752522458,7.664204370639766
Toyota,2018,22190,Hybrid,Manual,3.1,397,Convertible,White,12,40.2,High,3,0,1,6,60484.81857784161,152.35470674519297,19.511231799303744
Lexus,2010,6142,Diesel,Automatic,1.5,133,Convertible,Blue,6,19.1,Low,2,0,1,14,39708.70512500778,298.56169266923143,26.472470083338518
Honda,2014,159470,Electric,Automatic,3.1,478,Convertible,Brown,4,45.5,Low,3,0,0,10,27534.00606789951,57.602523154601485,8.881937441257907
Subaru,2013,183043,Electric,Automatic,1.5,276,SUV,Red,12,25.5,Low,3,0,0,11,18538.999502425777,67.17028805226731,12.359333001617184
Volkswagen,2017,41862,LPG,Manual,3.4,466,Pickup,Brown,4,33.0,Low,2,0,1,7,42122.246051108894,90.3910859465856,12.38889589738497
Tesla,2020,229740,Electric,CVT,2.9,372,Convertible,White,8,43.3,Medium,1,1,0,4,53679.57344079514,144.299928604288,18.51019773820522
Chevrolet,2021,184482,Diesel,Automatic,3.5,372,Pickup,Brown,8,17.5,Medium,2,1,0,3,54134.898522402,145.52392075914517,15.467113863543428
Mazda,2010,150575,Electric,Manual,1.0,466,Convertible,Brown,8,41.4,Medium,1,0,1,14,16451.770033652054,35.30422754002586,16.451770033652053
Audi,2018,125438,Petrol,Semi-Automatic,1.8,370,Coupe,Yellow,8,33.8,High,1,0,0,6,64235.06845555245,173.60829312311472,35.68614914197358
Toyota,2015,48456,Electric,Automatic,3.0,259,Wagon,Blue,6,45.7,High,2,1,0,9,33810.741225267026,130.5434024141584,11.270247075089008
Mazda,2013,100167,Hybrid,Automatic,4.8,459,Pickup,Yellow,8,16.9,High,3,1,1,11,25054.658139578867,54.58531185093435,5.2197204457455975
Ford,2021,82035,Petrol,CVT,2.5,491,Coupe,Red,12,26.8,Medium,2,0,0,3,79998.52866683084,162.9297936188001,31.999411466732337
Lexus,2018,236460,LPG,Automatic,2.7,301,Sedan,Red,4,43.3,Low,3,1,0,6,35250.84780739607,117.11245118736237,13.055869558294841
Audi,2020,8016,Hybrid,Automatic,3.9,353,SUV,White,12,10.8,Medium,1,1,1,4,175564.41663788407,497.3496222036376,45.016517086636945
Volkswagen,2014,2384,Diesel,Semi-Automatic,3.4,457,SUV,Green,8,14.5,High,3,0,1,10,20279.52385187974,44.37532571527296,5.964565838788159
Mazda,2014,193392,Diesel,Manual,2.2,323,Wagon,Orange,6,49.6,High,2,0,0,10,10915.08601391881,33.792835956404986,4.961402733599459
Ford,2021,146144,Diesel,Manual,2.6,499,Convertible,Silver,8,21.2,Low,3,1,1,3,49434.89717612902,99.06793021268341,19.013421990818856
BMW,2014,102239,Hybrid,CVT,1.9,496,Coupe,Blue,8,49.0,Medium,1,1,0,10,76301.26012493188,153.83318573574977,40.15855796049046
Nissan,2010,111431,Hybrid,Semi-Automatic,4.9,233,Sedan,Green,6,17.3,Low,1,0,0,14,13098.435921546146,56.21646318260149,2.6731501880706423
Hyundai,2010,80018,Hybrid,Manual,1.5,383,Coupe,Blue,6,24.4,Medium,3,1,0,14,21026.747483053427,54.9001239766408,14.017831655368951
BMW,2017,40510,Petrol,Semi-Automatic,2.5,352,Convertible,Orange,6,40.1,High,1,1,0,7,107427.51643017221,305.19180804026195,42.97100657206889
Audi,2021,180005,Petrol,Manual,1.1,214,Convertible,Orange,6,36.3,Low,1,1,1,3,74497.61870933177,348.11971359500825,67.72510791757433
Volkswagen,2017,21826,Diesel,Semi-Automatic,1.9,392,Hatchback,Black,6,33.2,Low,3,0,1,7,41334.04732881144,105.44399828778428,21.75476175200602
Tesla,2021,68026,Electric,CVT,4.1,87,Coupe,Yellow,6,31.2,Medium,1,1,0,3,184306.78068694536,2118.4687435281076,44.95287333827936
Mazda,2015,121668,Diesel,Automatic,1.8,207,Wagon,White,4,43.7,Medium,3,1,1,9,26308.475006957855,127.0940821592167,14.615819448309919
Subaru,2021,242700,LPG,CVT,1.3,452,Coupe,Black,8,19.4,Medium,3,0,0,3,31838.358465465266,70.43884616253378,24.49104497343482
Nissan,2020,156590,Petrol,Manual,2.9,135,SUV,Red,8,27.7,High,1,0,0,4,33291.858624910776,246.60636018452428,11.479951249969233
Audi,2022,24045,Hybrid,CVT,1.0,205,Sedan,Silver,6,16.2,Medium,3,1,1,2,58364.390058459925,284.704341748585,58.364390058459925
Lexus,2013,181948,Petrol,Automatic,1.3,238,Pickup,White,12,33.8,High,1,0,1,11,23760.02243344759,99.8320270312924,18.276940333421223
Toyota,2011,223518,Hybrid,CVT,4.2,138,Wagon,Red,6,20.0,Medium,1,0,0,13,6815.485670280291,49.38757732087167,1.6227346834000693
Subaru,2023,90102,LPG,Manual,4.1,137,Hatchback,Brown,4,23.4,Medium,1,1,1,1,21015.345399239442,153.39668174627332,5.125693999814498
Subaru,2011,51919,LPG,Manual,4.7,219,Sedan,Yellow,12,28.9,High,2,0,0,13,15749.255273107688,71.91440763976114,3.350905377256955
Subaru,2018,99441,Petrol,CVT,4.4,255,Sedan,Yellow,4,11.1,Medium,1,1,1,6,31747.023459706717,124.49813121453614,7.2152326044788
Mercedes-Benz,2014,158175,Hybrid,Automatic,3.7,494,Pickup,Yellow,12,13.7,High,3,1,1,10,35592.32720580548,72.04924535588154,9.61954789346094
Audi,2013,249877,LPG,CVT,1.2,187,SUV,Black,12,37.4,High,3,0,0,11,13608.53390414443,72.77290857831245,11.340444920120358
Nissan,2019,167260,Diesel,Automatic,4.1,290,SUV,Gray,6,27.2,Medium,3,1,1,5,43249.44245721606,149.13600847315882,10.548644501760014
Hyundai,2022,136917,Diesel,Semi-Automatic,4.4,153,SUV,Green,4,44.6,Medium,2,1,1,2,46893.980388221644,306.49660384458593,10.657722815504918
Hyundai,2010,217770,Hybrid,Automatic,4.2,246,Wagon,Orange,12,37.8,Low,2,1,0,14,5000.0,20.32520325203252,1.1904761904761905
Audi,2016,167746,Petrol,Semi-Automatic,3.0,483,Coupe,Silver,4,10.3,Medium,3,1,0,8,61484.54407581614,127.2971927035531,20.49484802527205
Ford,2012,118325,LPG,CVT,1.9,436,Sedan,Orange,6,34.7,Low,3,1,0,12,11780.80441997688,27.020193623800182,6.2004233789351995
Mercedes-Benz,2015,19337,Petrol,Automatic,4.4,383,Coupe,Gray,6,13.7,Medium,2,0,0,9,75878.57540803483,198.11638487737554,17.24513077455337
Toyota,2014,153385,Diesel,Semi-Automatic,3.9,312,Coupe,Brown,6,41.2,High,3,0,0,10,23260.50847327059,74.55291177330318,5.964232941864254
Subaru,2014,158015,LPG,Semi-Automatic,4.9,406,SUV,Brown,6,49.7,High,1,1,0,10,27080.90649505719,66.70174013560884,5.526715611236161
Subaru,2020,77949,Petrol,Semi-Automatic,1.6,451,Coupe,Brown,8,31.2,Low,1,1,1,4,72472.45580773658,160.692806669039,45.295284879835364
Audi,2014,276,Electric,Manual,1.9,261,Sedan,White,12,37.3,Medium,3,0,0,10,34856.667859354544,133.55045156840822,18.345614662818182
Ford,2010,51151,Hybrid,CVT,1.8,201,Sedan,Red,8,19.5,Low,1,1,0,14,21237.426102016438,105.65883632843999,11.798570056675798
Hyundai,2010,148683,Hybrid,Semi-Automatic,4.2,413,Convertible,Red,6,27.5,Medium,3,1,0,14,12539.424082280317,30.361801652010453,2.9855771624476946
Hyundai,2012,235713,Electric,Automatic,1.7,282,Hatchback,Brown,12,44.2,Medium,2,1,1,12,10221.0866332089,36.24498806102447,6.0124039018875886
Volkswagen,2023,143016,Diesel,Semi-Automatic,1.3,108,Wagon,Silver,12,16.7,High,3,0,0,1,43502.8199372242,402.8038883076315,33.46370764401862
Audi,2021,52887,LPG,Manual,5.0,281,Coupe,Black,4,20.6,Low,2,1,0,3,68612.89793210666,244.17401399326212,13.722579586421332
Mercedes-Benz,2019,81442,Hybrid,CVT,1.1,172,Wagon,Silver,6,27.8,High,1,0,1,5,77195.75576690109,448.81253352849467,70.1779597880919
Honda,2013,49847,Electric,Manual,4.3,408,Wagon,Silver,8,38.5,High,1,1,1,11,18981.859830713864,46.52416625174967,4.414386007142759
Mercedes-Benz,2014,58653,Electric,Manual,2.5,435,Wagon,Red,4,25.0,High,1,1,0,10,70874.64425358859,162.9302166749163,28.349857701435436
Lexus,2011,217144,Diesel,Manual,4.4,255,Pickup,Yellow,12,47.1,Low,3,0,1,13,16346.352758423001,64.10334415067844,3.715080172368864
Hyundai,2017,56622,Diesel,Automatic,3.2,409,Convertible,Silver,8,13.8,Medium,2,0,1,7,31036.82329888472,75.88465354250543,9.699007280901474
Hyundai,2020,27810,Petrol,CVT,4.6,290,Wagon,Silver,6,24.8,Medium,2,1,0,4,46978.448789965456,161.9946509998809,10.212706258688142
BMW,2020,77842,Hybrid,CVT,4.7,263,Convertible,Orange,8,38.4,Low,1,1,0,4,63505.46551705998,241.46564835384024,13.51180117384255
Hyundai,2023,122225,Petrol,Automatic,1.0,174,Sedan,Yellow,8,19.0,Medium,1,1,0,1,34129.94247400086,196.14909467816588,34.12994247400086
Toyota,2011,10503,Electric,CVT,1.3,352,Pickup,Red,8,36.3,Low,2,0,1,13,27267.50361341843,77.4644989017569,20.97500277955264
Chevrolet,2018,84761,LPG,Manual,2.0,216,Coupe,Black,4,16.6,Low,3,1,0,6,14060.01108017231,65.09264388968661,7.0300055400861545
Audi,2011,168048,LPG,CVT,3.7,316,Convertible,Green,12,12.2,Medium,1,0,1,13,18984.10336421519,60.076276469035406,5.130838747085186
Mazda,2022,126439,Diesel,Automatic,4.6,432,Hatchback,Red,8,14.8,High,3,1,0,2,49026.66180886186,113.48764307606913,10.65796995844823
Mercedes-Benz,2018,11590,LPG,Manual,2.8,497,Wagon,Red,12,47.2,Low,1,1,1,6,73537.3446354739,147.96246405527947,26.263337369812106
Chevrolet,2016,141958,LPG,Automatic,3.4,344,Pickup,Silver,4,32.1,Low,1,1,0,8,21870.508738121964,63.57706028523827,6.432502570035871
Ford,2017,143938,LPG,Semi-Automatic,1.8,214,Hatchback,Orange,6,41.9,Low,3,1,1,7,17087.257622279107,79.8469982349491,9.49292090126617
Honda,2020,66624,Electric,Manual,4.2,223,Sedan,Gray,6,23.3,Low,3,1,0,4,54946.8472242466,246.3984180459489,13.082582672439667
Toyota,2011,199971,LPG,Manual,4.9,98,Sedan,Brown,8,33.7,Medium,3,1,0,13,5251.511090599926,53.58684786326455,1.071736957265291
Nissan,2016,163864,LPG,CVT,2.1,310,SUV,Blue,4,29.8,Medium,3,1,0,8,25613.288390620244,82.62351093748465,12.19680399553345
Kia,2021,140836,LPG,Manual,3.0,213,Wagon,Orange,6,47.8,Low,2,0,1,3,19429.022798532234,91.21606947667716,6.476340932844078
Mercedes-Benz,2015,120356,Petrol,Automatic,1.3,193,SUV,Gray,4,39.9,High,2,1,1,9,43021.866327598014,222.9112244953265,33.09374332892155
Chevrolet,2013,217228,Electric,CVT,3.2,218,Pickup,Silver,4,39.2,Medium,1,1,0,11,11742.893015697256,53.86648172338191,3.669654067405393
Nissan,2016,42727,Diesel,Semi-Automatic,3.0,204,Hatchback,Silver,8,11.9,High,1,1,1,8,31470.316278526218,154.26625626728537,10.490105426175406
Honda,2023,78471,Petrol,Automatic,1.6,283,Coupe,Black,8,32.0,High,1,1,0,1,72214.33882596556,255.17434214122108,45.133961766228474
BMW,2022,8068,Hybrid,Semi-Automatic,2.8,140,SUV,Gray,4,28.7,Low,2,0,1,2,119089.08699465026,850.6363356760734,42.53181678380366
Nissan,2013,116923,Electric,Semi-Automatic,2.3,329,Sedan,White,4,47.1,Medium,3,0,0,11,9703.204993772366,29.493024297180444,4.2187847799010285
Toyota,2011,138367,Electric,Semi-Automatic,3.1,377,Wagon,Brown,8,20.3,Low,1,1,1,13,19428.226449408674,51.53375716023521,6.267169822389895
Toyota,2019,172232,Hybrid,Manual,3.3,92,Hatchback,Blue,4,20.8,Low,2,1,1,5,14545.600213759684,158.10435014956178,4.407757640533237
Mazda,2021,11390,Hybrid,Automatic,1.0,475,Convertible,Black,8,26.5,High,1,0,1,3,74826.13705139555,157.52870958188535,74.82613705139555
BMW,2016,106752,Hybrid,Automatic,4.0,334,Pickup,Orange,12,19.7,High,2,0,1,8,77583.1816900462,232.2849751198988,19.39579542251155
Kia,2017,151203,Diesel,Manual,3.9,164,Pickup,Orange,4,15.2,High,3,0,1,7,20472.27050916024,124.83091773878195,5.249300130553908
Audi,2011,94754,LPG,CVT,2.5,99,Sedan,Gray,8,44.3,Low,2,1,0,13,13695.762155840197,138.34103187717372,5.478304862336079
Nissan,2014,75969,Electric,Semi-Automatic,1.2,129,Convertible,Brown,4,32.3,Low,3,0,1,10,44019.89930868526,341.23952952469193,36.68324942390438
BMW,2010,146110,LPG,Automatic,4.0,243,Pickup,Brown,8,44.5,Low,1,0,1,14,27025.93963336492,111.21785857351819,6.75648490834123
Toyota,2016,183399,LPG,Manual,4.8,171,Coupe,Orange,4,43.2,Low,3,1,1,8,15214.27896115509,88.97239158570228,3.169641450240644
Toyota,2017,224790,Hybrid,Semi-Automatic,2.0,167,Wagon,White,6,21.3,Low,2,1,1,7,20147.404485302206,120.64314063055213,10.073702242651104
Chevrolet,2022,77064,Diesel,CVT,2.3,148,Coupe,Silver,6,31.9,Low,1,1,0,2,77023.04437591786,520.4259755129585,33.488280163442546
Hyundai,2015,21281,Petrol,CVT,1.7,116,Pickup,Brown,4,13.3,Low,1,0,1,9,20997.554516755565,181.01340100651348,12.351502656915038
Kia,2014,54189,Diesel,Semi-Automatic,3.3,332,Coupe,Gray,6,46.6,Low,2,0,1,10,24871.891572366017,74.91533606134342,7.536936840110914
Nissan,2015,48511,LPG,CVT,1.6,331,Pickup,Orange,4,26.2,Medium,3,0,0,9,25861.932939721195,78.13272791456555,16.163708087325748
Mazda,2011,122115,Diesel,Automatic,2.4,219,Wagon,Silver,4,25.7,Medium,2,0,0,13,9100.90240207672,41.556631972953056,3.7920426675319665
Mazda,2010,8605,Hybrid,Automatic,3.8,434,Wagon,Yellow,12,22.1,Medium,3,1,1,14,26570.862018622047,61.22318437470518,6.992332110163696
Nissan,2016,100318,Petrol,Automatic,3.2,460,Convertible,Red,12,28.4,Medium,3,0,0,8,27826.675087748456,60.492771929887944,8.695835964921393
Lexus,2016,132453,Hybrid,CVT,2.5,247,Coupe,Silver,6,20.1,Low,1,1,1,8,54056.96417918723,218.85410598861225,21.62278567167489
Subaru,2019,197706,Petrol,Automatic,2.7,133,Hatchback,Brown,12,25.0,Low,3,0,1,5,10103.523412134095,75.96634144461726,3.742045708197813
Honda,2020,19810,LPG,Manual,3.2,465,Convertible,Red,12,42.0,High,1,0,0,4,36130.827085956924,77.70070341066005,11.290883464361539
Mazda,2019,249415,Petrol,Automatic,1.0,257,Wagon,Brown,4,43.4,High,2,0,1,5,16602.421772674774,64.60086292869562,16.602421772674774
BMW,2023,155394,Petrol,Automatic,1.3,376,Sedan,Gray,8,22.2,Medium,2,1,0,1,66697.46445888023,177.38687356085168,51.30574189144633
Honda,2011,41869,Petrol,CVT,4.5,380,Pickup,Green,4,28.8,High,1,0,0,13,20160.09534302119,53.052882481634704,4.480021187338042
BMW,2011,32955,Diesel,Automatic,1.3,438,Convertible,Silver,12,45.0,Medium,1,1,1,13,36882.731971902154,84.20715062078118,28.37133228607858
Ford,2010,61388,Diesel,Semi-Automatic,3.8,185,SUV,Red,4,12.1,Low,3,1,1,14,10086.079438643656,54.51934831699273,2.6542314312220148
Toyota,2019,241324,LPG,Manual,4.7,216,Hatchback,Gray,6,45.6,Low,1,1,0,5,14821.807463558627,68.6194789979566,3.1535760560763038
Hyundai,2017,10207,Petrol,CVT,2.1,269,Pickup,Brown,8,18.8,High,2,1,1,7,28535.739624125752,106.08081644656413,13.588447440059882
Chevrolet,2017,218401,Electric,Manual,2.5,207,Convertible,Silver,12,37.1,Low,1,0,0,7,18094.749986314862,87.4142511416177,7.237899994525945
Mazda,2010,198700,LPG,Semi-Automatic,3.3,421,Wagon,Gray,12,33.3,Low,1,0,0,14,5000.0,11.876484560570072,1.5151515151515151
Hyundai,2021,159292,Petrol,CVT,4.5,126,Wagon,Brown,4,32.1,Medium,1,1,0,3,34526.23271994266,274.0177199995449,7.672496159987257
Hyundai,2020,215122,Petrol,CVT,4.8,84,Hatchback,Green,4,44.4,High,3,1,0,4,7409.079488085836,88.20332723911709,1.5435582266845491
Hyundai,2017,234618,Diesel,Automatic,4.0,336,SUV,Green,4,14.1,Low,1,0,1,7,25680.07434776184,76.42879270167215,6.4200185869404605
Subaru,2018,205157,LPG,Manual,1.3,379,Convertible,Blue,4,23.9,High,3,0,1,6,20845.963904202676,55.002543282856664,16.035356849386673
Honda,2023,22031,Petrol,Semi-Automatic,3.7,229,Convertible,Black,12,31.5,Low,3,1,1,1,74222.85162132913,324.1172559883368,20.060230167926793
BMW,2013,201793,Petrol,Semi-Automatic,2.6,373,Coupe,Gray,4,42.5,Medium,1,0,1,11,20158.278871457325,54.04364308701696,7.753184181329741
Tesla,2010,80807,LPG,CVT,2.9,322,Sedan,Black,12,18.7,Low,3,0,1,14,25450.83123729,79.03984856301243,8.776148702513794
Ford,2010,71312,Electric,Automatic,1.2,354,Wagon,Blue,4,42.1,High,1,0,1,14,16013.66483923839,45.236341353780766,13.344720699365325
Mercedes-Benz,2012,59766,LPG,CVT,1.8,287,Convertible,White,8,26.0,High,2,1,0,12,35388.06587379828,123.30336541393129,19.6600365965546
Hyundai,2023,143521,LPG,CVT,4.2,494,Convertible,Silver,8,17.6,Medium,2,1,1,1,31852.744613142804,64.47924010757653,7.583986812653048
Audi,2014,89833,Electric,CVT,2.8,194,Pickup,Brown,4,40.4,Low,3,1,0,10,60201.45511400814,310.3167789381863,21.500519683574336
Honda,2014,187771,LPG,CVT,2.2,274,Pickup,Orange,4,13.6,Medium,2,1,0,10,17406.0649465421,63.52578447643103,7.911847702973683
Mazda,2018,237199,Petrol,Semi-Automatic,2.5,422,Convertible,Black,6,30.6,High,1,1,0,6,21379.76165122441,50.662942301479646,8.551904660489765
Kia,2019,212325,LPG,Semi-Automatic,4.4,249,SUV,Black,8,12.6,Medium,3,0,1,5,14556.81842752251,58.46111818282132,3.3083678244369343
Mazda,2023,236731,Electric,CVT,4.0,458,Sedan,Gray,12,24.3,Low,1,0,0,1,53304.71019141061,116.38583011225023,13.326177547852652
Chevrolet,2021,235841,Hybrid,CVT,2.1,161,Convertible,Silver,8,34.0,Low,3,0,1,3,47836.45712877665,297.120851731532,22.779265299417453
Mercedes-Benz,2011,111041,LPG,Automatic,1.5,233,Hatchback,Gray,12,32.2,Medium,3,1,0,13,22716.89279999841,97.4973939914095,15.14459519999894
Tesla,2011,116185,Diesel,CVT,2.0,220,Wagon,Green,4,26.2,High,3,0,1,13,32696.67410544867,148.62124593385758,16.348337052724336
Audi,2015,177164,Petrol,Semi-Automatic,4.7,393,Coupe,Black,8,27.2,High,3,1,1,9,32532.66764459787,82.78032479541443,6.921844179701674
Mazda,2018,194743,Petrol,Manual,3.3,225,Pickup,Silver,8,19.1,Medium,2,1,1,6,12159.328982122479,54.04146214276658,3.6846451460977208
Tesla,2010,10350,Diesel,Semi-Automatic,3.1,402,Hatchback,Yellow,6,28.2,Low,2,1,1,14,17202.177380536297,42.79148602123457,5.549089477592354
Mercedes-Benz,2018,227230,Diesel,Automatic,3.4,201,Wagon,White,6,48.1,Low,2,1,1,6,53337.3163135724,265.3597826545891,15.687445974580118
Hyundai,2018,100859,LPG,Semi-Automatic,2.5,331,Pickup,Brown,8,44.0,Low,3,1,0,6,20191.631813917942,61.00190880337747,8.076652725567177
Audi,2022,68487,Diesel,Manual,4.2,422,SUV,Blue,8,15.8,Low,2,1,1,2,63786.93001566484,151.1538625963622,15.187364289444009
Tesla,2018,148694,Hybrid,CVT,3.1,466,Pickup,White,8,11.2,High,3,0,1,6,45287.853509234505,97.18423499835731,14.608985002978873
Chevrolet,2014,123853,Electric,Manual,1.5,390,Sedan,Blue,12,47.3,Low,2,1,0,10,23327.52446448519,59.81416529355177,15.551682976323459
BMW,2022,201335,Diesel,CVT,1.5,168,Sedan,Black,4,31.1,Medium,3,0,1,2,29694.484201504292,176.75288215181126,19.796322801002862
Toyota,2018,53117,Diesel,CVT,3.1,137,Wagon,White,6,31.5,Medium,2,1,1,6,13102.637328626603,95.63968853012119,4.226657202782775
BMW,2020,235062,Hybrid,Semi-Automatic,4.7,142,Hatchback,White,4,41.2,Medium,2,0,1,4,52771.74294761072,371.6319925888079,11.228030414385259
Mercedes-Benz,2013,189466,Petrol,Semi-Automatic,2.2,426,Coupe,Brown,6,22.6,Medium,2,1,1,11,28159.21177229882,66.10143608520849,12.79964171468128
Honda,2011,233077,Petrol,Semi-Automatic,4.5,387,SUV,Orange,6,29.3,Low,3,1,1,13,6809.664314393073,17.59603182013714,1.513258736531794
Toyota,2022,101084,LPG,Automatic,4.1,461,Wagon,Brown,6,48.7,High,3,0,0,2,46067.7323635815,99.93000512707484,11.236032283800364
Ford,2015,23782,Hybrid,Semi-Automatic,2.0,359,SUV,Gray,8,36.9,Low,2,1,1,9,59777.02091613065,166.50980756582354,29.888510458065323
Chevrolet,2023,247348,Electric,Automatic,1.1,151,Sedan,Orange,6,16.1,High,3,1,0,1,40487.37772128289,268.12832928001916,36.80670701934808
Ford,2013,28454,Electric,Semi-Automatic,1.4,88,Convertible,White,4,15.3,Low,1,0,1,11,28154.36031753901,319.9359126993069,20.11025736967072
Subaru,2015,67904,Hybrid,CVT,3.9,445,Convertible,Orange,6,18.2,High,2,0,0,9,52022.71088024578,116.90496827021524,13.339156635960457
Audi,2012,129936,Electric,Automatic,1.8,173,Coupe,Orange,4,40.7,Medium,2,1,0,12,41118.86313651654,237.681289806454,22.8438128536203
Nissan,2015,146664,Petrol,Manual,2.5,452,SUV,Gray,6,21.8,Medium,1,0,0,9,15492.592932099886,34.275648079867004,6.197037172839955
Toyota,2011,153245,Electric,Automatic,3.0,418,Wagon,Silver,6,10.9,High,3,0,1,13,18692.43211872889,44.718737126145676,6.230810706242964
Ford,2011,164276,Electric,Automatic,3.9,415,Coupe,Black,8,47.8,High,3,1,1,13,29521.153332637245,71.13530923527047,7.569526495548011
Mazda,2022,166668,Hybrid,Manual,1.5,231,Pickup,Silver,4,16.8,High,3,0,0,2,38940.05733512164,168.57167677541835,25.960038223414426
Ford,2018,165396,Hybrid,Automatic,2.6,484,Pickup,Black,6,10.4,Medium,2,1,1,6,59716.24858586264,123.38067889641042,22.967787917639477
Tesla,2016,122258,Electric,CVT,2.9,435,Hatchback,Silver,6,19.5,Medium,2,0,1,8,54734.15278381225,125.82563858347643,18.873845787521464
BMW,2012,111668,Diesel,Semi-Automatic,3.2,119,Convertible,Silver,4,19.4,Low,2,1,0,12,43508.41165185913,365.6169046374717,13.596378641205979
Tesla,2022,192274,Hybrid,Manual,4.3,438,Wagon,Blue,6,26.9,High,2,1,1,2,81586.34317321134,186.27018989317656,18.973568179816592
Subaru,2020,220472,LPG,Semi-Automatic,1.7,141,SUV,Orange,12,46.8,High,2,1,0,4,19379.453751366116,137.4429344068519,11.399678677274187
Toyota,2010,124184,LPG,CVT,4.2,333,Coupe,Green,8,45.2,High,3,0,1,14,12112.818859080287,36.37483140864951,2.8840044902572113
Toyota,2017,244437,Petrol,Manual,3.8,148,Wagon,Gray,4,28.3,Medium,1,1,0,7,6866.170162536461,46.393041638759875,1.8068868848780162
Subaru,2023,161822,Electric,Semi-Automatic,3.2,477,Coupe,Silver,8,26.4,High,3,0,1,1,53991.850999310554,113.19046331092359,16.87245343728455
Mercedes-Benz,2015,207184,Diesel,Semi-Automatic,3.8,324,Coupe,White,12,32.2,High,3,1,1,9,53743.369630048765,165.8745976236073,14.14299200790757
Tesla,2016,16566,Petrol,CVT,2.6,444,Coupe,Yellow,12,19.7,Medium,2,1,0,8,70909.38086634073,159.70581276202867,27.272838794746434
Volkswagen,2018,138262,Electric,Semi-Automatic,1.6,249,SUV,Blue,12,12.1,High,1,1,0,6,30580.941953418125,122.815027925374,19.113088720886328
Mazda,2014,219679,Hybrid,CVT,3.7,257,Wagon,Yellow,4,47.6,Low,1,0,1,10,14531.707811808354,56.54361016267842,3.9274885977860414
Kia,2010,38333,LPG,Automatic,3.1,268,Sedan,Red,12,17.5,Medium,3,1,0,14,6228.249821855519,23.239738141251937,2.009112845759845
BMW,2021,121929,Diesel,CVT,3.6,339,Sedan,Brown,4,17.9,Medium,1,1,0,3,95356.51336128646,281.2876500332934,26.48792037813513
Toyota,2019,211977,LPG,Automatic,2.4,151,SUV,Red,4,28.9,Medium,3,0,0,5,10217.566451899072,67.6660029927091,4.2573193549579464
Mercedes-Benz,2016,89571,Hybrid,Manual,4.6,96,Pickup,Black,6,29.7,Low,3,1,0,8,57620.27808582073,600.2112300606326,12.526147409961029
Nissan,2014,120263,Electric,Semi-Automatic,3.3,449,SUV,Silver,4,10.7,Medium,3,1,0,10,30352.27647830405,67.59972489600011,9.197659538880016
Mazda,2012,132661,Hybrid,CVT,1.3,420,Convertible,Gray,12,15.9,Medium,3,0,1,12,19997.180511277136,47.612334550659845,15.382446547136258
Tesla,2021,25235,Hybrid,CVT,2.8,136,Coupe,White,4,25.1,Medium,2,0,0,3,79510.99691757876,584.6396832174909,28.396784613420984
BMW,2022,159,LPG,Semi-Automatic,4.0,297,Wagon,Green,4,37.3,Medium,1,0,0,2,80602.06860033525,271.38743636476516,20.15051715008381
Nissan,2018,143217,Diesel,Semi-Automatic,4.2,186,Wagon,Green,8,19.1,Low,2,1,0,6,30607.59248222532,164.5569488291684,7.287522019577457
Tesla,2010,211981,Hybrid,Manual,3.0,383,Hatchback,Blue,12,26.9,High,2,0,0,14,19077.659333201882,49.81112097441745,6.35921977773396
Ford,2010,162993,LPG,Manual,4.6,252,Hatchback,Blue,4,32.3,High,2,1,1,14,10180.641945293039,40.3993727987819,2.213183031585443
Nissan,2010,104859,Diesel,CVT,2.1,298,Sedan,Blue,6,45.5,Medium,3,1,0,14,12959.773705596466,43.48917350871297,6.171320812188793
Subaru,2012,147309,Electric,Manual,2.6,326,Hatchback,Blue,4,23.0,Low,3,0,1,12,9631.822580887429,29.54546803953199,3.7045471464951647
Lexus,2021,107507,Electric,Automatic,4.6,297,Hatchback,Orange,4,15.3,Medium,2,0,1,3,40102.306322930286,135.02460041390668,8.717892678897888
Mercedes-Benz,2015,139316,Petrol,Manual,4.6,452,Sedan,Silver,8,29.6,High,2,1,0,9,45546.06009030275,100.7656196688114,9.90131741093538
BMW,2019,14743,LPG,Manual,3.7,496,Convertible,Yellow,12,39.9,High,1,0,0,5,102415.17186102283,206.48220133270732,27.67977617865482
Hyundai,2020,228174,Diesel,CVT,4.4,110,Pickup,Silver,12,14.4,Low,2,0,1,4,21977.580203655234,199.79618366959303,4.994904591739826
Lexus,2012,46101,Hybrid,Automatic,1.4,447,Sedan,Silver,6,27.0,High,3,1,1,12,34658.27641499075,77.5352939932679,24.755911724993396
Audi,2017,242717,Electric,Manual,4.5,126,Pickup,Red,6,10.7,Medium,2,0,1,7,31164.25072356899,247.3353232029285,6.925389049681998
Audi,2023,121534,Diesel,Automatic,2.3,213,Hatchback,Gray,6,11.3,Low,1,0,0,1,53038.109065001576,249.00520687794167,23.0600474195659
BMW,2023,84227,LPG,Automatic,1.7,187,Wagon,White,4,29.3,High,1,0,1,1,91165.49081818023,487.5159936801082,53.6267593048119
Nissan,2019,230604,Petrol,Automatic,2.0,151,Hatchback,Black,4,21.9,Medium,2,1,0,5,21292.85539565494,141.01228738844333,10.64642769782747
Tesla,2011,187450,Electric,Semi-Automatic,2.7,406,Coupe,Gray,6,43.8,Low,1,0,1,13,34025.85081463776,83.80751432176787,12.602166968384354
Mercedes-Benz,2023,71126,Diesel,Semi-Automatic,2.0,497,Pickup,Blue,12,34.1,Medium,1,0,1,1,108582.46207481583,218.47577882256707,54.29123103740792
Kia,2018,56071,Diesel,Semi-Automatic,2.3,187,Pickup,Yellow,12,28.2,High,3,1,0,6,19818.43927192061,105.98095867337226,8.616712726922005
Audi,2012,202193,Diesel,Semi-Automatic,1.5,388,Coupe,Red,6,26.3,Medium,1,1,0,12,14981.928132362777,38.613216835986535,9.987952088241851
Mercedes-Benz,2014,74763,LPG,CVT,2.2,477,Coupe,Orange,8,29.9,Low,1,1,1,10,53344.365360528966,111.83305107029133,24.247438800240438
Audi,2019,224886,LPG,Manual,3.3,351,Convertible,Yellow,12,11.6,Medium,2,1,0,5,67729.4398458735,192.96136708226067,20.524072680567727
Ford,2017,235422,LPG,Semi-Automatic,2.8,250,SUV,Red,12,45.7,High,3,0,0,7,23326.62188971992,93.30648755887968,8.330936389185686
Tesla,2011,143309,Hybrid,CVT,2.4,195,Coupe,Brown,6,49.9,Low,1,1,1,13,44030.087387680374,225.79531993682244,18.34586974486682
Ford,2015,146721,Diesel,Manual,4.0,408,Pickup,Orange,12,17.3,Low,2,1,0,9,25395.798121784672,62.244603239668315,6.348949530446168
Mazda,2021,168785,Electric,Semi-Automatic,4.6,153,Wagon,Blue,4,14.8,High,2,0,0,3,37019.23479127508,241.9557829495103,8.047659737233712
Audi,2014,204535,LPG,Manual,4.0,335,Pickup,Black,4,15.7,Medium,2,1,1,10,36395.93472200368,108.64458125971248,9.09898368050092
Hyundai,2022,176481,LPG,Semi-Automatic,2.3,160,Pickup,Blue,12,36.4,Medium,2,1,1,2,23644.78224294966,147.77988901843537,10.280340105630287
Hyundai,2019,179838,Diesel,CVT,4.0,347,Convertible,Yellow,4,36.5,High,2,0,0,5,39921.353853376466,115.04712926045092,9.980338463344117
Ford,2018,46154,LPG,Automatic,1.6,207,SUV,Blue,8,43.9,Low,2,1,0,6,48372.79901499083,233.68501939609095,30.23299938436927
Subaru,2021,7016,Hybrid,Automatic,1.5,405,SUV,Brown,12,40.1,High,1,1,0,3,67506.1103114866,166.68175385552246,45.004073540991065
Lexus,2014,210635,Hybrid,Manual,2.4,482,Coupe,Blue,6,28.0,Low,3,0,1,10,26636.34750725322,55.26213175778676,11.098478128022174
Hyundai,2011,179760,LPG,CVT,4.2,314,Hatchback,Red,4,34.5,Low,3,0,1,13,5684.279463716752,18.102800839862265,1.3533998723135123
Audi,2014,89678,Diesel,Automatic,2.0,120,Pickup,Green,8,37.5,Medium,2,0,0,10,21457.168482851022,178.80973735709185,10.72858424142551
BMW,2021,112056,Diesel,Semi-Automatic,1.3,260,Sedan,Blue,8,30.5,High,2,0,0,3,53553.14997867069,205.97365376411804,41.19473075282361
Ford,2013,54238,Diesel,Automatic,1.5,236,Hatchback,Brown,4,29.0,Low,3,0,0,11,24387.310292183447,103.33606056009936,16.25820686145563
Mazda,2020,58608,Petrol,Manual,4.4,138,Hatchback,Silver,8,35.8,Medium,1,0,1,4,29996.601879649035,217.36668028731185,6.817409518102053
Kia,2016,89081,LPG,Manual,3.5,424,SUV,Silver,12,32.3,High,2,0,1,8,14992.092510267415,35.3587087506307,4.283455002933548
Kia,2015,247644,Diesel,CVT,2.0,328,SUV,Black,8,35.8,High,3,0,0,9,10870.805556569403,33.14269986758964,5.435402778284701
Honda,2023,162969,Hybrid,Manual,3.2,271,Convertible,Black,4,34.5,Low,3,0,0,1,54368.90466147285,200.62326443347916,16.990282706710264
Lexus,2011,50961,Electric,Automatic,3.1,103,Convertible,Black,8,38.8,Low,2,0,0,13,33586.69098848893,326.08437852901875,10.834416447899656
Nissan,2021,199775,Electric,Automatic,3.6,479,SUV,Gray,4,35.7,Low,3,0,0,3,44179.305738458075,92.23237106149911,12.27202937179391
Tesla,2020,175829,Diesel,Automatic,1.9,159,Wagon,White,4,30.8,High,1,0,1,4,62695.4819118805,394.3112069929591,32.997622058884474
Hyundai,2020,26917,Electric,Automatic,4.5,213,Wagon,Black,8,37.3,Low,3,1,0,4,44925.38081699332,210.91728083095455,9.983417959331849
Hyundai,2022,153808,Electric,CVT,2.2,292,Sedan,Blue,4,28.0,High,2,0,0,2,24793.04273597437,84.90768060265195,11.26956487998835
Nissan,2014,27990,Petrol,Semi-Automatic,3.8,467,SUV,Black,4,19.7,Medium,2,0,1,10,23888.445957228636,51.15298920177438,6.286433146639115
Toyota,2016,62551,Hybrid,Semi-Automatic,1.1,427,Coupe,White,6,10.1,High,3,0,0,8,29106.21248477364,68.16443204865021,26.460193167976037
Mazda,2020,189233,Hybrid,CVT,2.5,245,Convertible,Gray,12,32.4,Low,3,0,0,4,28355.11536492436,115.7351647547933,11.342046145969745
Volkswagen,2016,210695,Petrol,Manual,2.4,427,SUV,White,4,33.6,High,2,0,0,8,14667.112241000317,34.3492089953169,6.1112967670834655
Ford,2014,153512,Petrol,Semi-Automatic,3.2,416,Wagon,Yellow,12,48.9,Low,1,1,0,10,18881.60466186223,45.38847274486113,5.900501456831948
Subaru,2021,166277,Electric,Manual,1.3,477,SUV,Black,6,24.5,Medium,3,1,0,3,68858.02139587626,144.35643898506555,52.967708766058664
Mazda,2018,80811,LPG,Semi-Automatic,4.2,150,Wagon,Black,6,25.8,Low,1,1,0,6,30132.71989222949,200.88479928152992,7.174457117197497
Chevrolet,2013,55103,Electric,Manual,1.9,293,SUV,Black,6,18.1,Low,1,1,1,11,33719.601789503766,115.08396515188998,17.74715883658093
Hyundai,2020,201884,Petrol,CVT,3.7,144,Pickup,Yellow,6,12.8,Low,2,0,0,4,17323.74392186358,120.30377723516375,4.682092951855022
Tesla,2012,172699,Hybrid,Automatic,4.2,300,Coupe,White,12,40.9,Low,2,1,1,12,16310.199618903212,54.36733206301071,3.883380861643622
Honda,2013,106122,Electric,Manual,3.2,387,Sedan,Red,8,20.0,Low,2,1,1,11,17063.936948474256,44.092860331974826,5.332480296398205
Kia,2014,234104,LPG,Automatic,4.0,365,Pickup,Blue,8,34.4,Low,1,0,1,10,15593.216839386023,42.72114202571513,3.898304209846506
Hyundai,2022,19008,Electric,Manual,3.6,264,Coupe,Brown,12,37.5,Medium,2,1,1,2,57573.53134000643,218.08155810608497,15.99264759444623
Honda,2015,202346,Diesel,Manual,2.4,286,Wagon,Blue,4,28.8,Medium,2,1,0,9,14505.600304322854,50.71888218294704,6.044000126801189
Audi,2012,32402,Electric,Manual,4.2,178,Convertible,Black,12,45.1,High,1,0,0,12,33516.610194558634,188.29556289077885,7.980145284418723
Mazda,2011,184456,Petrol,Manual,2.2,321,Convertible,Gray,4,27.8,Low,1,0,0,13,17035.79241943946,53.071004421929786,7.743542008836119
Audi,2023,136865,Hybrid,Manual,3.3,237,Hatchback,Yellow,4,21.4,High,1,1,0,1,110487.93867598263,466.19383407587605,33.481193538176555
Volkswagen,2022,233899,Hybrid,Automatic,4.0,177,Coupe,Red,8,45.8,Medium,1,0,1,2,28506.425339214267,161.05325050403542,7.126606334803567
BMW,2013,136643,Petrol,Manual,2.5,121,SUV,Orange,6,44.5,Medium,3,1,1,11,27417.94128062858,226.59455603825273,10.967176512251433
Chevrolet,2014,227939,Diesel,Automatic,2.2,218,Sedan,Red,8,16.6,Low,2,0,1,10,6913.258181959309,31.712193495226188,3.1423900827087765
Mazda,2013,147281,Petrol,CVT,2.8,362,SUV,Brown,8,11.0,Low,3,1,0,11,16215.481997718109,44.79414916496715,5.79124357061361
Toyota,2023,113550,Electric,Semi-Automatic,4.3,487,SUV,Blue,12,13.6,High,1,1,1,1,52656.600314412906,108.12443596388687,12.24572100335184
Volkswagen,2020,222002,Petrol,Manual,4.7,306,Coupe,Black,12,21.5,Medium,1,1,0,4,19726.5424826584,64.4658251067268,4.197136698437957
Mercedes-Benz,2022,174220,Petrol,Semi-Automatic,3.2,151,Sedan,Green,4,48.9,High,1,0,1,2,30692.230503004343,203.2598046556579,9.591322032188858
Toyota,2021,91218,Diesel,Automatic,3.6,322,Hatchback,Orange,12,32.3,High,1,0,0,3,54590.37547203018,169.53532755288876,15.16399318667505
Lexus,2012,133296,Electric,CVT,4.6,97,Pickup,Black,4,24.9,High,1,1,1,12,39552.10368550181,407.7536462422867,8.598283409891698
Ford,2017,237765,LPG,CVT,1.4,156,SUV,Yellow,4,45.5,Low,2,0,1,7,8818.180385267076,56.52679734145562,6.298700275190769
Tesla,2019,179767,LPG,CVT,1.9,124,Sedan,Orange,6,28.1,Medium,3,0,0,5,33414.5466042857,269.4721500345621,17.586603475939842
Mazda,2013,120779,Hybrid,Semi-Automatic,3.8,450,Hatchback,Brown,6,22.6,High,3,1,1,11,11832.207746428858,26.29379499206413,3.1137388806391733
Mercedes-Benz,2023,129714,Petrol,Automatic,4.3,422,Pickup,Green,8,47.6,Medium,2,0,1,1,79076.95556832613,187.3861506358439,18.38998966705259
Mercedes-Benz,2011,241060,Hybrid,Manual,4.4,219,SUV,White,6,44.0,Medium,2,0,0,13,29489.215254300518,134.65395093287907,6.70209437597739
Volkswagen,2011,240016,Diesel,Manual,2.7,256,Sedan,White,4,43.7,High,2,1,1,13,5140.926279705429,20.08174328009933,1.90404677026127
Nissan,2010,32441,LPG,Automatic,1.4,301,Pickup,White,12,30.5,High,3,1,1,14,15656.106822353026,52.01364392808314,11.182933444537875
Lexus,2022,238038,Petrol,Semi-Automatic,2.8,494,Coupe,Gray,6,41.6,Low,3,0,1,2,43363.232801523234,87.77982348486485,15.486868857686868
BMW,2013,170201,Diesel,Manual,1.9,171,Convertible,White,6,17.2,Medium,1,0,1,11,19786.235763776676,115.7089810747174,10.413808296724566
Mazda,2019,231324,Diesel,Automatic,2.2,101,Convertible,Silver,6,32.9,High,3,0,0,5,21411.422673174027,211.99428389281215,9.73246485144274
Nissan,2018,62368,Petrol,Manual,4.1,251,SUV,Orange,6,49.4,High,3,1,0,6,38378.406724735665,152.90201882364806,9.36058700603309
Volkswagen,2023,241467,Diesel,CVT,1.3,171,SUV,Green,4,21.6,Medium,2,0,1,1,44952.280960436845,262.87883602594644,34.578677661874494
Ford,2020,92122,Petrol,Manual,4.3,271,Pickup,Yellow,4,41.8,High,3,0,0,4,19454.369684406724,71.7873420088809,4.52427201962947
Kia,2016,44760,Petrol,Semi-Automatic,2.7,156,Sedan,Silver,8,29.6,Medium,1,0,1,8,25172.951678006102,161.36507485901348,9.323315436298556
Hyundai,2021,23478,Electric,Automatic,3.4,360,Convertible,Silver,12,11.6,High,3,0,0,3,100567.05638425401,279.3529344007056,29.578545995368827
Hyundai,2019,127881,Hybrid,Semi-Automatic,1.4,443,SUV,Green,8,40.5,Medium,2,0,1,5,26216.948981108504,59.18047174065125,18.726392129363216
BMW,2016,71854,Diesel,Automatic,2.3,258,Hatchback,Yellow,8,16.7,High,2,0,1,8,32374.836457875455,125.48386223982735,14.076015851250197
Ford,2022,94230,Diesel,CVT,1.4,317,SUV,Orange,6,35.3,High,1,1,0,2,37977.373220438465,119.80243918119389,27.126695157456048
Subaru,2016,85716,Electric,Automatic,4.8,214,Convertible,Blue,12,13.4,Low,1,1,1,8,43291.287728279356,202.29573704803437,9.019018276724866
BMW,2017,143252,Electric,Manual,4.2,444,Wagon,Black,6,47.9,Medium,3,1,1,7,65013.80109380957,146.42747994101254,15.47947645090704
Mazda,2010,98538,Electric,Manual,2.8,469,Convertible,Blue,4,21.7,Low,1,0,1,14,16327.871073451688,34.81422403721042,5.831382526232746
Mazda,2019,15372,LPG,CVT,1.9,359,Hatchback,Brown,8,19.1,High,1,0,1,5,14841.299396091583,41.34066684148073,7.811210208469254
Honda,2022,29796,LPG,Automatic,4.7,98,Sedan,Green,12,15.2,Medium,2,1,0,2,30908.741104221834,315.3953173900187,6.576327894515284
Nissan,2019,189344,LPG,CVT,2.4,162,Hatchback,Blue,4,47.8,Medium,2,1,0,5,14714.788337222893,90.83202677298083,6.1311618071762055
Subaru,2017,249367,Petrol,Manual,1.6,307,Wagon,Blue,8,38.5,High,3,1,0,7,15945.7073934226,51.9404149622886,9.966067120889125
Hyundai,2013,221035,Diesel,Semi-Automatic,3.3,450,Wagon,Blue,12,39.7,High,3,1,0,11,12203.090313522582,27.117978474494628,3.6979061556129036
Mercedes-Benz,2013,98826,Hybrid,CVT,4.8,344,SUV,White,8,30.0,High,3,1,1,11,28350.947198164573,82.41554418071097,5.906447332950953
Nissan,2013,120592,Petrol,Semi-Automatic,1.0,191,SUV,Red,12,29.0,High,3,0,1,11,12919.694123443307,67.64237760965082,12.919694123443307
Chevrolet,2015,93635,Diesel,Semi-Automatic,2.0,330,Convertible,Blue,8,14.4,Medium,2,0,1,9,23159.70868189091,70.18093539966942,11.579854340945454
Mazda,2016,111022,Diesel,Automatic,4.8,243,Coupe,Black,6,32.4,Low,3,0,1,8,36310.138775147185,149.42443940389788,7.56461224482233
Lexus,2015,54040,Electric,CVT,1.7,437,Hatchback,Green,8,19.9,Medium,3,0,0,9,33358.3017503555,76.33478661408581,19.62253044138559
Tesla,2010,75357,Electric,Semi-Automatic,1.5,247,Convertible,Brown,8,49.1,Medium,1,0,0,14,24636.20680396299,99.74172795126717,16.42413786930866
Ford,2021,202440,Petrol,Semi-Automatic,3.3,300,Coupe,Red,12,41.9,Medium,3,1,0,3,17393.682188397484,57.97894062799161,5.2708127843628745
Toyota,2017,78356,Electric,Automatic,4.4,487,Convertible,Gray,12,26.5,Medium,1,1,1,7,42058.621561232234,86.36267261033314,9.55877762755278
BMW,2022,16211,Diesel,Automatic,2.9,383,Wagon,Black,6,16.1,High,2,0,1,2,75949.75985504681,198.30224505234153,26.189572363809244
Mazda,2019,105426,Electric,Manual,5.0,270,SUV,Black,12,41.4,Low,3,1,1,5,46017.46442378482,170.43505342142527,9.203492884756963
Nissan,2020,5842,LPG,Semi-Automatic,3.7,404,SUV,White,8,14.9,Medium,1,0,1,4,63091.55656555841,156.16721922167923,17.051772044745515
Subaru,2022,194187,Electric,Manual,1.3,249,Convertible,White,12,17.6,Medium,3,0,0,2,41845.638398669995,168.05477268542165,32.18895261436153
Tesla,2016,66852,Diesel,Semi-Automatic,5.0,454,SUV,Green,12,18.5,Low,1,1,0,8,63909.07352397629,140.7688844140447,12.781814704795257
Lexus,2015,125737,Petrol,Manual,2.6,124,Sedan,Black,12,32.3,High,3,0,0,9,22477.23630146559,181.26803468923862,8.645090885179073
Nissan,2015,45968,Hybrid,Automatic,2.1,460,Convertible,Yellow,6,41.5,Medium,2,0,1,9,34693.767778605616,75.42123430131656,16.520841799336008
Toyota,2014,17508,Electric,CVT,3.2,93,Wagon,Yellow,6,22.6,High,2,0,0,10,13527.100423443657,145.45269272520062,4.2272188823261425
Tesla,2015,153077,Diesel,Automatic,2.2,310,Pickup,Green,4,13.4,Medium,1,1,1,9,30768.429094473817,99.2529970789478,13.98564958839719
Chevrolet,2021,54575,Hybrid,Manual,1.3,236,Convertible,Blue,6,28.6,Medium,1,1,0,3,91675.39336532587,388.4550566327367,70.51953335794298
Toyota,2018,211814,Hybrid,Manual,1.0,213,Convertible,Silver,6,39.9,Low,2,0,0,6,35667.067573026165,167.45102146960642,35.667067573026166
Volkswagen,2019,150043,LPG,CVT,2.8,470,SUV,Gray,6,18.9,Low,3,0,1,5,17156.8793264272,36.50399856686638,6.127456902295428
Audi,2018,156671,Hybrid,Semi-Automatic,4.3,116,Wagon,Brown,8,18.8,High,1,1,1,6,39287.544539794966,338.6857287913359,9.136638265068596
Volkswagen,2019,218664,Diesel,Manual,3.3,132,Convertible,White,4,47.9,Medium,2,1,1,5,35381.819382048285,268.0440862276385,10.721763449105541
Hyundai,2017,66914,Diesel,Manual,5.0,97,SUV,Brown,8,48.2,High,1,1,0,7,21495.7971478933,221.60615616384845,4.29915942957866
Nissan,2019,249134,Electric,Manual,2.1,117,Hatchback,Silver,6,49.6,Low,2,1,0,5,22931.677403999623,195.99724276922754,10.919846382856964
Mazda,2018,67055,Electric,CVT,2.1,266,Wagon,Orange,6,42.3,Low,2,0,0,6,27492.212358577624,103.354181799164,13.091529694560773
Mazda,2022,87697,Electric,Automatic,1.6,464,Coupe,Green,4,17.5,Low,1,0,0,2,116600.0097174091,251.2931243909679,72.87500607338069
Mazda,2019,106239,Hybrid,Manual,1.7,275,Sedan,Blue,4,18.5,Low,1,0,1,5,39220.90036253666,142.62145586376968,23.07111786031568
Lexus,2017,235469,Hybrid,CVT,2.1,322,Coupe,Red,12,23.6,Low,2,1,0,7,27490.98126572004,85.37571821652186,13.090943459866685
Audi,2017,123106,LPG,Manual,4.2,379,Pickup,Blue,6,22.7,High,3,1,1,7,42445.726917933796,111.99400242198891,10.106125456650904
Volkswagen,2010,5355,Electric,Semi-Automatic,4.6,382,Wagon,Black,6,48.3,High,2,0,0,14,14885.493119663672,38.96725947555935,3.2359767651442763
Audi,2019,54120,Petrol,CVT,4.9,114,Convertible,Blue,8,41.6,Low,3,1,1,5,58826.95385486316,516.0259110075716,12.005500786706767
Kia,2020,205691,LPG,Manual,1.9,294,SUV,Black,12,39.0,Medium,3,0,1,4,21415.909892439824,72.84323092666607,11.27153152233675
Nissan,2014,38342,Petrol,CVT,4.5,298,Pickup,Brown,6,17.4,Medium,3,1,0,10,15598.482266213641,52.343900222193426,3.4663293924919203
Audi,2013,217064,Hybrid,Manual,2.3,395,Wagon,Orange,8,46.4,Medium,1,0,0,11,30809.858955045915,77.99964292416688,13.395590850019962
Mercedes-Benz,2011,209932,LPG,Automatic,1.5,169,Sedan,White,4,43.1,Medium,2,0,1,13,11740.657208253559,69.47134442753585,7.827104805502373
BMW,2017,2257,LPG,Manual,4.5,387,Wagon,Orange,8,16.5,Medium,2,0,0,7,58251.84519716365,150.52156381696034,12.94485448825859
BMW,2012,27364,Diesel,CVT,3.5,331,Pickup,Black,6,44.8,Low,3,0,1,12,30484.157472648418,92.09715248534265,8.709759277899549
Mercedes-Benz,2013,156044,Hybrid,Semi-Automatic,1.7,87,SUV,Red,8,20.9,High,3,1,0,11,45996.69470410414,528.6976402770591,27.05687923770832
Tesla,2021,111715,Hybrid,Semi-Automatic,2.7,335,Coupe,Silver,8,13.2,Low,3,0,0,3,60527.910699181266,180.68033044531722,22.41774470340047
Honda,2016,26654,LPG,Semi-Automatic,2.1,442,Hatchback,Brown,12,36.3,Medium,2,0,0,8,17033.813303481817,38.538039148148904,8.111339668324675
Lexus,2019,211841,Hybrid,Manual,3.9,287,Coupe,Brown,12,36.2,Medium,3,0,0,5,38418.57682206193,133.86263701066875,9.850917133862033
Tesla,2018,81423,LPG,Automatic,2.8,210,SUV,Blue,4,13.8,High,2,0,0,6,47630.66979156728,226.81271329317752,17.010953496988314
Toyota,2011,29320,Diesel,Manual,5.0,303,Pickup,White,12,22.8,Low,2,1,1,13,15545.136424924958,51.30408061031339,3.109027284984992
Subaru,2012,20808,LPG,Semi-Automatic,1.2,276,SUV,Blue,8,49.7,High,1,0,0,12,17958.772474470352,65.0680162118491,14.965643728725293
Lexus,2013,52389,Hybrid,CVT,2.4,221,Sedan,Blue,12,37.1,Medium,3,0,1,11,42691.58071653708,193.17457337799584,17.78815863189045
Lexus,2019,226762,Hybrid,Semi-Automatic,2.9,331,Wagon,Black,6,39.2,Medium,3,1,1,5,29289.887135554996,88.48908500167673,10.09996108122586
Toyota,2010,118581,LPG,CVT,3.0,175,Wagon,Silver,8,18.5,High,3,0,1,14,10866.151808411,62.092296048062856,3.6220506028036663
Audi,2016,127927,LPG,Automatic,2.3,105,Coupe,White,8,13.2,Medium,1,0,0,8,41701.10567442362,397.15338737546307,18.130915510618966
Volkswagen,2011,34773,LPG,CVT,3.9,190,Pickup,Blue,8,21.1,Low,3,0,1,13,12580.873517745957,66.2151237776103,3.2258650045502453
Volkswagen,2014,182240,Electric,Manual,4.5,202,Hatchback,Brown,6,20.0,Medium,2,0,1,10,19269.16037465159,95.39188304282966,4.282035638811465
BMW,2010,158819,Hybrid,Manual,4.8,265,Hatchback,Blue,8,19.4,Medium,3,1,1,14,22152.381890409386,83.59389392607315,4.615079560501956
Ford,2012,76396,Hybrid,Manual,4.2,247,Sedan,Gray,12,17.7,Low,2,1,1,12,18279.97041525881,74.00797738971178,4.352373908394955
Tesla,2021,239446,Electric,CVT,4.4,130,SUV,Green,6,33.0,Medium,2,1,1,3,91061.39337461676,700.4722567278212,20.695771221503808
Kia,2011,107692,LPG,Manual,3.2,458,Sedan,Brown,8,23.1,High,2,1,1,13,5592.170242439909,12.209978695283644,1.7475532007624717
Nissan,2010,214764,Diesel,Manual,4.3,84,Wagon,Gray,12,42.8,High,2,1,0,14,8245.712485943519,98.16324388027999,1.9176075548705858
Hyundai,2016,57505,LPG,Manual,2.2,156,Convertible,Green,12,17.4,Medium,3,1,1,8,15449.724049476754,99.03669262485099,7.022601840671252
Chevrolet,2014,85896,LPG,Automatic,2.6,239,Convertible,Red,4,28.6,Low,1,0,1,10,21186.115353473924,88.64483411495365,8.148505905182278
Volkswagen,2010,18135,Electric,CVT,2.3,287,Convertible,Gray,12,10.5,Low,1,0,0,14,31599.567833252826,110.1030238092433,13.73894253619688
Nissan,2015,90887,Hybrid,CVT,2.9,336,SUV,Black,12,29.3,High,2,0,1,9,28126.982658412326,83.71125791194144,9.69895953738356
Chevrolet,2014,122118,LPG,Semi-Automatic,2.1,284,Sedan,Red,4,12.2,Medium,3,0,0,10,11683.055386468379,41.13751896643795,5.5633597078420856
Nissan,2012,227107,Hybrid,CVT,4.8,334,Pickup,Yellow,4,49.1,Low,1,1,0,12,11434.421116880814,34.23479376311621,2.3821710660168365
Audi,2021,47377,Petrol,Automatic,2.3,90,Coupe,White,6,41.6,Low,3,0,1,3,89305.8893696158,992.2876596623978,38.82864755200687
Chevrolet,2016,154626,Hybrid,CVT,1.4,87,Wagon,Brown,12,29.6,High,1,0,1,8,23258.61063565799,267.3403521339999,16.61329331118428
Hyundai,2020,62491,Diesel,Automatic,3.1,488,Convertible,Yellow,6,13.5,High,2,1,0,4,37645.48206428947,77.14238127928171,12.14370389170628
Nissan,2019,186693,Diesel,Automatic,1.2,111,Pickup,Brown,6,33.7,Low,2,0,0,5,15769.30785157561,142.06583650068117,13.141089876313009
Mercedes-Benz,2018,245739,LPG,CVT,1.4,107,Hatchback,White,8,40.4,High,2,0,0,6,30773.451619775427,287.6023515866862,21.981036871268163
Hyundai,2023,58283,Hybrid,Semi-Automatic,1.9,285,Sedan,White,6,17.6,Low,1,1,0,1,66839.15117113954,234.52333744259488,35.178500616389236
Chevrolet,2022,216212,LPG,Manual,2.9,466,Wagon,Brown,6,32.7,Medium,3,0,1,2,18004.442191553295,38.63614204195986,6.208428341914929
Hyundai,2022,16923,Electric,Manual,2.7,307,Wagon,White,6,42.6,High,2,0,0,2,41903.086508016466,136.49213846259434,15.519661669635727
Nissan,2018,47591,Diesel,CVT,4.2,207,Hatchback,Gray,6,40.7,High,3,1,0,6,17679.480802570528,85.4081198191813,4.209400191088221
Honda,2023,62261,LPG,CVT,4.0,334,Hatchback,Orange,4,42.1,Medium,3,0,0,1,49465.043993308886,148.09893411170324,12.366260998327222
Nissan,2018,247221,Electric,Automatic,2.7,291,Hatchback,Silver,12,45.2,Low,2,0,1,6,26110.94317625163,89.7283270661568,9.67071969490801
Nissan,2011,54336,LPG,CVT,2.3,318,Convertible,Brown,8,47.5,Low,1,0,0,13,9776.632782370933,30.744128246449474,4.250709905378666
Audi,2012,74083,Hybrid,Automatic,2.3,286,Convertible,Yellow,4,26.2,High,2,0,0,12,61533.75987273824,215.15300654803582,26.753808640320976
Tesla,2016,60948,Hybrid,Semi-Automatic,4.1,397,Sedan,Yellow,8,32.8,Low,2,0,1,8,27992.68022802311,70.51052954161992,6.827482982444661
Mercedes-Benz,2014,240891,Hybrid,CVT,1.2,362,Hatchback,White,8,41.6,Low,1,1,1,10,22731.814104268007,62.79506658637571,18.94317842022334
Kia,2011,164074,Hybrid,Manual,1.1,324,Coupe,Brown,4,37.9,Medium,3,0,0,13,18264.879384163694,56.37308451902375,16.604435803785176
Volkswagen,2012,211170,Petrol,Manual,4.2,124,Wagon,Orange,6,49.8,Medium,1,0,0,12,13017.931918073062,104.98332191994405,3.099507599541205
Lexus,2019,247308,Electric,CVT,2.9,184,Hatchback,Orange,4,10.5,Medium,1,0,0,5,39751.630471951605,216.0414699562587,13.707458783431587
Toyota,2015,204088,Electric,Automatic,1.5,427,Wagon,Silver,8,24.2,High,2,1,1,9,22999.392769059075,53.862746531754276,15.33292851270605
Tesla,2022,26672,Hybrid,Manual,1.9,360,SUV,Gray,8,21.2,Medium,1,1,1,2,107004.1572517111,297.23377014364195,56.31797750090058
Toyota,2016,4213,Petrol,Automatic,4.7,313,Pickup,Silver,6,20.5,Medium,1,1,0,8,45575.93433098229,145.61001383700412,9.697007304464316
Audi,2018,141365,Hybrid,CVT,4.4,268,SUV,Black,4,18.9,Low,1,0,0,6,72770.66339173475,271.5323260885625,16.53878713448517
Mercedes-Benz,2010,231049,Petrol,CVT,3.8,123,Hatchback,Yellow,12,38.4,Medium,3,0,0,14,8722.099034142722,70.91137426132295,2.295289219511243
Mazda,2020,186932,Hybrid,Manual,2.9,304,Wagon,Orange,8,13.4,High,3,0,1,4,27997.796995996378,92.09801643419861,9.65441275724013
Nissan,2016,62507,Diesel,CVT,3.1,221,Pickup,White,4,39.7,Medium,2,0,0,8,34675.82376071055,156.9041799127174,11.185749600229208
Mazda,2017,57134,Diesel,Semi-Automatic,4.9,215,SUV,Orange,6,37.7,High,2,0,0,7,41007.879103492516,190.7343214115931,8.368954919080105
Mazda,2021,133172,LPG,Semi-Automatic,4.9,255,Hatchback,Orange,6,20.0,Low,3,1,1,3,28332.99620142524,111.10978902519703,5.782244122739845
Subaru,2023,241225,Hybrid,Manual,1.9,221,Wagon,Green,12,20.1,Low,1,0,0,1,45154.40878927263,204.31859180666348,23.76547831014349
BMW,2012,193069,Electric,Semi-Automatic,4.2,159,Hatchback,Yellow,8,35.2,Medium,2,0,1,12,12349.0654150787,77.66707808225597,2.9402536702568334
Mazda,2013,28172,LPG,Automatic,1.8,161,Convertible,Black,12,40.5,Low,2,1,1,11,22898.55143405007,142.22702754068368,12.721417463361151
Volkswagen,2019,20132,Diesel,Manual,1.9,214,Wagon,Silver,12,45.1,Medium,1,1,0,5,49813.262481364865,232.77225458581714,26.217506569139402
Honda,2015,248933,Hybrid,Manual,3.7,286,SUV,Black,12,44.1,Low,1,1,1,9,8273.766268274341,28.92925268627392,2.2361530454795515
BMW,2019,18199,LPG,Automatic,2.6,423,Hatchback,Green,12,48.6,High,1,1,1,5,81689.85870797314,193.12023335218237,31.419176426143515
Audi,2016,36609,Hybrid,Semi-Automatic,4.7,256,SUV,Gray,6,33.3,Low,1,1,0,8,101075.0452087297,394.8243953466004,21.50532876781483
Lexus,2022,174037,Diesel,Semi-Automatic,1.4,462,Hatchback,Black,8,46.3,Medium,1,0,1,2,37382.81597298415,80.91518608871029,26.702011409274395
Tesla,2023,139088,LPG,Semi-Automatic,3.0,322,Sedan,Orange,12,42.3,Medium,3,0,1,1,89287.27600062444,277.28967702057275,29.76242533354148
Honda,2013,170851,Diesel,Manual,4.7,134,SUV,Red,8,45.8,Medium,1,0,0,11,14165.550483254405,105.7130633078687,3.0139469113307245
Hyundai,2017,233869,Petrol,Manual,4.6,220,SUV,Brown,6,10.5,High,2,0,0,7,13161.672195695179,59.82578270770536,2.861233086020691
Chevrolet,2014,31881,Diesel,Semi-Automatic,1.6,135,Coupe,Black,6,48.6,Low,3,0,0,10,30659.44816191668,227.10702342160505,19.162155101197925
Subaru,2010,213666,Hybrid,CVT,2.5,94,Pickup,Brown,4,28.9,Medium,2,1,0,14,8441.548766191921,89.80371027863747,3.376619506476769
Honda,2013,24472,Electric,Semi-Automatic,3.5,264,Convertible,Green,4,41.9,High,1,0,0,11,44467.188758752476,168.4363210558806,12.70491107392928
Kia,2012,237954,Diesel,Automatic,1.6,393,SUV,Black,8,15.1,High,2,0,1,12,8761.908150118588,22.294931679691064,5.476192593824118
Mazda,2018,231534,Electric,Manual,4.9,498,Wagon,Black,4,25.8,High,1,1,1,6,35095.125559769855,70.47213967825272,7.162270522402011
Audi,2017,182885,Petrol,Automatic,4.7,167,Pickup,Blue,12,20.9,Low,2,1,1,7,34044.20373718728,203.85750740830707,7.243447603656868
Ford,2010,231440,LPG,Automatic,1.7,176,Hatchback,Orange,8,21.7,Low,2,0,1,14,5000.0,28.40909090909091,2.9411764705882355
Chevrolet,2020,167093,LPG,Manual,1.5,223,Sedan,White,6,14.9,Low,1,0,1,4,19783.851797743708,88.71682420512873,13.189234531829138
Toyota,2015,54131,Electric,CVT,1.3,87,Wagon,Brown,6,42.2,High,2,1,0,9,19811.684715931446,227.72051397622351,15.23975747379342
Volkswagen,2018,155159,LPG,Semi-Automatic,4.6,294,Pickup,Gray,12,10.4,Low,3,0,0,6,13554.84441757776,46.10491298495837,2.9467053081690784
Toyota,2016,12828,Diesel,Automatic,1.8,252,Wagon,Blue,4,22.5,Medium,2,1,0,8,16339.010724688942,64.83734414559105,9.077228180382745
Honda,2013,192682,Electric,Manual,2.7,302,Wagon,Orange,8,17.0,High,3,0,0,11,19626.996364930907,64.99005418851293,7.2692579129373724
Lexus,2022,96664,Hybrid,Automatic,2.8,119,Wagon,Green,8,33.6,Low,3,1,1,2,101135.05828241147,849.8744393479956,36.11966367228981
Toyota,2010,132473,Diesel,Semi-Automatic,3.4,261,Pickup,Brown,12,20.2,High,2,1,0,14,17346.493506323066,66.46166094376653,5.101909854800902
Kia,2021,216251,Diesel,CVT,1.3,349,Sedan,Silver,4,20.4,High,3,1,0,3,31712.891259872587,90.86788326611057,24.39453173836353
Audi,2011,15193,Diesel,CVT,1.9,266,Coupe,Green,8,29.5,Low,3,0,1,13,46142.22674102884,173.46701782341668,24.285382495278338
Hyundai,2021,223461,Hybrid,CVT,4.7,324,Convertible,White,12,36.1,High,2,1,1,3,20653.76968417519,63.74620272893577,4.394419081739402
Lexus,2014,175936,Petrol,Manual,4.6,388,SUV,Brown,8,14.9,Low,1,1,0,10,30857.94691136191,79.5307910086647,6.708249328556937
Tesla,2021,151379,LPG,Manual,4.1,310,Pickup,Green,6,17.0,Low,1,0,1,3,75839.47847620936,244.64347895551407,18.49743377468521
Volkswagen,2020,102518,Electric,CVT,1.1,462,Wagon,Blue,8,19.9,Low,3,0,1,4,33930.77212405282,73.44322970574203,30.846156476411654
Kia,2014,19611,Petrol,Semi-Automatic,2.3,234,SUV,Green,8,48.9,High,3,0,0,10,21308.376805167107,91.06143933832097,9.264511654420481
Kia,2017,174863,Electric,Semi-Automatic,3.5,254,Pickup,White,8,25.9,High,1,1,1,7,27883.288998350257,109.77672833996164,7.966653999528645
Toyota,2015,143022,LPG,Manual,2.1,415,SUV,White,4,34.0,Low,3,1,0,9,23242.873202350118,56.00692337915691,11.06803485826196
Mazda,2017,76240,Hybrid,CVT,4.6,194,Wagon,Red,4,19.7,High,1,1,1,7,36751.57901929453,189.44112896543572,7.989473699846637
Toyota,2011,239719,Diesel,Semi-Automatic,3.5,469,Coupe,Black,12,29.6,Low,2,0,1,13,16809.026735059237,35.840142292237175,4.802579067159782
Honda,2012,208475,Diesel,Semi-Automatic,1.3,390,Pickup,Silver,4,13.0,Medium,3,0,1,12,6935.001896311846,17.78205614438935,5.334616843316805
Tesla,2015,2745,Hybrid,Semi-Automatic,4.6,379,SUV,Silver,8,11.4,High,2,1,1,9,36232.33546434442,95.59982972122538,7.8765946661618305
BMW,2021,55243,Petrol,Manual,4.8,97,Hatchback,Blue,8,28.7,High,1,0,0,3,71717.7185574222,739.3579232723938,14.941191366129624
Lexus,2022,3866,Petrol,CVT,1.3,351,SUV,White,4,25.9,Medium,1,0,1,2,53256.9515706015,151.72920675385043,40.96688582353961
Toyota,2019,163317,Electric,Automatic,3.1,91,Convertible,Red,4,15.5,Medium,2,1,0,5,37652.559708523215,413.76439240135403,12.145987002749424
Audi,2012,175796,Hybrid,CVT,2.2,483,Wagon,Orange,8,37.5,Medium,3,1,0,12,32828.79114159083,67.96851168031228,14.922177791632196
Ford,2015,128681,Petrol,CVT,2.6,380,Sedan,Red,8,49.7,Low,2,0,1,9,28541.37964866562,75.10889381227796,10.97745371102524
Volkswagen,2015,71354,Hybrid,Manual,1.7,271,SUV,Gray,6,25.8,Low,2,1,1,9,22838.253571460766,84.27399841867441,13.434266806741627
Nissan,2011,51374,LPG,Semi-Automatic,3.3,311,Coupe,Green,12,35.0,Medium,3,0,0,13,7629.970674142991,24.533667762517656,2.312112325497876
Toyota,2016,114397,Diesel,Semi-Automatic,4.8,172,Hatchback,Black,4,48.5,Low,1,0,1,8,17464.88642731999,101.54003736813948,3.638518005691665
Audi,2021,248552,Diesel,Manual,3.0,297,Hatchback,Red,12,43.3,High,2,1,1,3,34619.96194001668,116.56552841756456,11.539987313338893
Lexus,2011,124577,Diesel,Manual,1.3,357,Sedan,Green,8,28.5,Medium,2,1,0,13,14193.987410753165,39.75906837745985,10.918451854425511
Audi,2015,161188,Hybrid,Manual,3.5,432,Convertible,Black,12,39.5,High,1,0,1,9,71251.16078379584,164.93324255508298,20.357474509655955
Volkswagen,2010,81029,Hybrid,Manual,2.4,382,Sedan,Brown,4,15.1,Low,2,0,0,14,18810.42985186667,49.241962963001754,7.837679104944446
BMW,2012,93574,Electric,Manual,4.4,108,Convertible,Gray,4,30.5,Medium,1,1,1,12,59256.25714133997,548.6690476049997,13.467331168486357
Audi,2011,151519,Diesel,Automatic,2.7,380,SUV,Gray,12,21.2,Low,3,0,1,13,16920.976535098733,44.528885618680874,6.2670283463328635
Ford,2016,30431,Electric,CVT,1.8,156,Wagon,White,4,16.4,High,1,0,1,8,49536.01194772249,317.5385381264262,27.520006637623602
Audi,2023,148980,Diesel,CVT,1.8,88,Coupe,Gray,6,27.1,Low,1,0,1,1,132833.7174947757,1509.474062440633,73.79650971931983
Audi,2013,29336,Electric,CVT,4.1,103,Hatchback,Brown,8,15.2,High,2,0,1,11,41666.87807447307,404.53279683954435,10.16265318889587
Audi,2017,40992,Electric,Semi-Automatic,2.1,94,Sedan,White,8,38.0,Low,1,0,1,7,43629.339121584955,464.1419055487761,20.775875772183312
Hyundai,2015,55350,LPG,Automatic,4.1,243,Coupe,Yellow,4,28.2,High,1,1,0,9,32684.359744335063,134.50353804253112,7.9717950595939175
Hyundai,2021,69561,Electric,CVT,1.8,92,Convertible,Orange,8,31.2,Low,2,0,0,3,53894.846107127785,585.8135446426933,29.94158117062655
BMW,2019,248326,Hybrid,Semi-Automatic,2.3,426,Wagon,Blue,6,15.9,Medium,1,0,1,5,66018.33352291996,154.97261390356798,28.703623270834765
Toyota,2013,51955,Electric,Automatic,2.9,251,Hatchback,Green,4,15.6,Medium,2,1,1,11,13552.575665910075,53.99432536219153,4.673301953762095
Audi,2014,61240,Diesel,Automatic,4.8,436,Hatchback,Orange,6,33.3,Low,3,1,0,10,40272.60546475566,92.36836115769647,8.390126138490762
Subaru,2022,151165,Electric,Semi-Automatic,4.7,406,Convertible,Orange,6,49.4,High,1,1,0,2,118287.15254543,291.3476663680542,25.167479264985108
Tesla,2022,137227,Petrol,Automatic,1.8,279,Wagon,Silver,8,13.9,Low,3,0,0,2,64680.544123355074,231.8299072521687,35.93363562408615
Subaru,2018,46607,Diesel,Semi-Automatic,2.4,457,Hatchback,Red,8,21.4,Medium,1,0,1,6,26043.023519582675,56.98692236232533,10.851259799826115
Toyota,2016,164559,Petrol,CVT,1.6,155,Wagon,Gray,12,44.8,High,1,1,1,8,9966.122322058507,64.2975633681194,6.228826451286567
BMW,2019,244266,Diesel,Semi-Automatic,3.0,243,Hatchback,Yellow,6,12.9,Low,3,1,1,5,24623.412644996763,101.33091623455458,8.207804214998921
Mazda,2023,186740,Hybrid,Automatic,2.8,451,SUV,Red,8,45.0,Low,3,1,0,1,43556.31472403957,96.57719451006557,15.555826687156989
Mazda,2023,152035,Hybrid,CVT,4.6,140,Convertible,Blue,6,31.0,High,2,1,0,1,67477.69377156082,481.98352693972015,14.669063863382787
Mercedes-Benz,2018,181196,Hybrid,CVT,4.7,324,Wagon,Red,12,26.3,Low,2,1,1,6,44596.05753956371,137.642152899888,9.488522880758238
Subaru,2016,52870,Petrol,Manual,2.5,461,Coupe,Silver,6,22.4,Medium,3,0,0,8,16379.051794923264,35.529396518271724,6.551620717969305
Toyota,2021,187619,LPG,Manual,3.0,234,SUV,Blue,4,21.9,Medium,1,1,1,3,24303.989400357194,103.86320256562904,8.101329800119064
Toyota,2010,64110,Diesel,Automatic,4.6,336,Pickup,Brown,12,22.2,High,2,0,1,14,14625.828719823672,43.52925214233236,3.1795279825703635
Chevrolet,2021,184626,Hybrid,Semi-Automatic,4.2,323,Coupe,Brown,12,45.4,Low,1,0,0,3,56835.797296559795,175.96222073238326,13.532332689657094
Honda,2017,152008,Diesel,Semi-Automatic,1.0,241,Convertible,White,6,39.0,Low,2,1,1,7,34936.116460805955,144.9631388415185,34.936116460805955
Nissan,2013,116895,Petrol,Automatic,2.3,147,Hatchback,Red,6,36.8,Medium,2,1,0,11,15809.133885884747,107.54512847540644,6.873536472123803
Lexus,2012,4426,LPG,CVT,2.7,423,Pickup,Green,8,41.9,High,2,1,0,12,22238.545890865596,52.57339454105342,8.236498478098369
Chevrolet,2023,219911,Petrol,Automatic,1.9,356,Coupe,Yellow,4,20.3,High,3,1,1,1,43516.511914080365,122.23739301707968,22.90342732320019
Ford,2022,241888,Diesel,Automatic,1.8,240,SUV,Silver,12,34.7,High,1,1,1,2,34707.01709653561,144.61257123556504,19.281676164742006
Hyundai,2016,27606,LPG,CVT,1.2,470,Pickup,Blue,12,28.4,Medium,3,0,0,8,9531.356785314387,20.279482521945503,7.942797321095322
Hyundai,2021,178904,LPG,Semi-Automatic,3.6,338,Pickup,Yellow,12,41.3,Medium,2,1,1,3,29081.770549443314,86.04074127054236,8.078269597067587
Honda,2012,28151,Petrol,Automatic,2.1,386,Wagon,Red,8,22.4,High,3,1,0,12,22447.340754362463,58.15373252425508,10.689209883029745
Volkswagen,2017,210375,Hybrid,Semi-Automatic,1.2,414,Sedan,Green,4,35.7,High,3,0,1,7,12117.605930903504,29.26957954324518,10.098004942419587
Volkswagen,2015,11308,Diesel,Automatic,1.9,174,Coupe,Red,12,45.3,Low,3,1,0,9,14824.394019647565,85.19766677958371,7.802312641919771
BMW,2014,240853,Electric,CVT,4.2,325,Sedan,Gray,12,26.1,Low,1,1,0,10,38783.11112098493,119.33264960303056,9.234074076424983
Kia,2013,193594,Electric,CVT,4.4,300,Convertible,Gray,8,12.7,High,3,1,1,11,23173.660344400294,77.24553448133432,5.266740987363703
Honda,2017,176743,Petrol,Manual,2.9,202,Coupe,Silver,6,30.6,Medium,3,0,1,7,16504.452459984757,81.70521019794434,5.6911905034430195
Nissan,2017,90306,Diesel,CVT,2.7,266,Coupe,Blue,12,23.8,Medium,3,1,0,7,33808.09934619662,127.09811784284445,12.521518276369118
Toyota,2021,225180,Diesel,Manual,4.9,341,Wagon,Blue,4,36.9,Low,3,1,0,3,37204.544466175474,109.10423597118907,7.592764176770505
Volkswagen,2010,106984,Petrol,Automatic,1.8,492,Hatchback,Orange,4,48.0,High,3,1,0,14,8153.443337401662,16.572039303661914,4.5296907430009234
Nissan,2018,2204,Diesel,Semi-Automatic,1.9,352,SUV,Silver,4,29.4,Medium,3,1,0,6,29098.766217868448,82.66694948258082,15.315140114667605
Audi,2023,92769,Hybrid,CVT,2.2,452,SUV,Silver,4,28.6,Medium,3,0,1,1,82220.4836103625,181.90372480168693,37.37294709561932
Subaru,2014,87265,Petrol,CVT,1.7,139,SUV,Green,8,36.2,Medium,2,1,1,10,23888.955960224688,171.86299251960207,14.052327035426288
Subaru,2013,31131,Hybrid,CVT,2.5,485,Convertible,Gray,12,14.1,Medium,3,0,1,11,27956.93428290558,57.64316346990841,11.18277371316223
Kia,2015,52428,Diesel,Automatic,4.6,487,Pickup,Blue,8,20.1,Low,3,1,0,9,35198.91857263489,72.27704019021537,7.651938820138019
Tesla,2015,33870,Petrol,Manual,3.5,204,Hatchback,Red,4,46.8,Medium,1,1,1,9,40340.592884269805,197.74800433465592,11.525883681219945
Toyota,2011,103547,Diesel,Automatic,2.6,416,Sedan,Silver,4,36.8,Medium,2,1,0,13,11709.483024088357,28.147795730981628,4.5036473169570606
Lexus,2017,235990,Petrol,Semi-Automatic,4.7,420,SUV,White,4,10.5,High,3,0,0,7,16658.5873857094,39.6633032993081,3.5443802948317873
Lexus,2016,49067,Diesel,Automatic,1.2,130,Sedan,Black,8,18.2,High,1,1,1,8,40600.34156429262,312.3103197253278,33.83361797024385
Ford,2010,189657,Hybrid,Semi-Automatic,1.8,257,Hatchback,Blue,4,37.3,Low,3,1,1,14,8306.312761645533,32.32028311924332,4.614618200914185
Lexus,2014,238083,Hybrid,CVT,3.3,218,Convertible,Brown,12,40.6,Low,3,0,0,10,35616.37714957079,163.37787683289355,10.792841560475997
Audi,2021,112217,Diesel,Semi-Automatic,3.5,406,Hatchback,Blue,4,43.6,Low,3,1,0,3,58099.836409717194,143.10304534413103,16.5999532599192
Audi,2015,152679,Petrol,Semi-Automatic,1.2,249,Wagon,White,12,21.7,Low,3,1,1,9,24259.479091333593,97.42762687282567,20.216232576111327
Subaru,2013,156040,Electric,Manual,2.6,118,Pickup,Blue,12,47.2,Medium,3,1,0,11,19153.385867061665,162.3168293818785,7.366686871946794
Honda,2011,98934,Hybrid,Semi-Automatic,3.6,148,SUV,White,4,32.1,High,1,1,1,13,10850.747854683232,73.3158638829948,3.0140966263008977
Kia,2022,142980,Hybrid,Semi-Automatic,3.8,315,Convertible,Black,8,37.9,Medium,3,0,1,2,57160.44613235336,181.46173375350273,15.04222266640878
BMW,2023,157495,Electric,Automatic,3.6,127,Wagon,Orange,6,33.9,Medium,1,0,0,1,57893.414780828294,455.85365969156135,16.081504105785637
Ford,2013,240223,Diesel,CVT,2.3,460,SUV,Green,6,14.9,Medium,3,0,0,11,15446.190184973972,33.57867431516081,6.715734863032162
Volkswagen,2010,74707,Petrol,Automatic,1.4,136,Hatchback,Black,12,48.5,High,1,1,0,14,11452.854403249037,84.21216472977233,8.180610288035027
Nissan,2016,209329,Diesel,Automatic,2.7,356,Hatchback,Yellow,8,14.9,Low,2,1,0,8,15686.507803584667,44.06322416737266,5.809817705031358
Honda,2011,61215,LPG,CVT,1.5,417,Coupe,Orange,6,20.2,Low,3,1,0,13,18140.00234290367,43.50120465924142,12.093334895269113
Volkswagen,2022,186907,Hybrid,CVT,4.8,178,Coupe,Green,4,42.5,High,2,1,1,2,26587.832072944588,149.36984310643027,5.539131681863456
Honda,2011,49429,LPG,Semi-Automatic,2.9,483,Hatchback,Gray,4,34.7,High,2,0,1,13,10994.5388969771,22.763020490635817,3.791220309302448
Honda,2018,82152,Hybrid,Semi-Automatic,2.3,94,Hatchback,White,12,43.5,Low,2,1,1,6,25102.549175447042,267.04839548347917,10.914151815411758
Honda,2014,108048,Hybrid,Manual,4.1,404,Sedan,Silver,8,30.6,Medium,3,0,1,10,16874.099179158937,41.76757222564093,4.115633946136326
Subaru,2011,169530,LPG,Automatic,3.0,258,Pickup,Yellow,8,25.1,Low,2,1,0,13,17137.176087028976,66.42316312801928,5.712392029009659
Lexus,2020,177241,LPG,CVT,2.2,411,Sedan,Black,6,46.9,High,1,1,1,4,25703.400028972366,62.53868620187924,11.683363649532893
Kia,2018,138731,Diesel,Semi-Automatic,4.2,141,Pickup,Blue,6,11.5,Low,3,0,0,6,23990.84813476694,170.14785911182227,5.712106698754034
BMW,2018,191686,LPG,CVT,4.5,198,Wagon,Black,4,44.2,Low,2,1,0,6,28992.833247473685,146.4284507448166,6.44285183277193
Lexus,2010,239977,Diesel,Semi-Automatic,3.7,116,Coupe,Green,12,19.2,Low,3,0,0,14,12144.919430225867,104.69758129505058,3.282410656817802
Honda,2020,77240,Diesel,Manual,1.2,213,Coupe,Yellow,8,43.9,High,2,0,0,4,46678.21471172452,219.14654794236864,38.898512259770435
Mercedes-Benz,2012,163865,Diesel,Manual,3.3,105,Hatchback,Red,6,15.6,High,1,1,0,12,12974.535374735395,123.56700356890852,3.931677386283453
Tesla,2013,113688,Hybrid,CVT,4.1,87,Hatchback,Green,6,33.2,Low,3,0,1,11,31449.531858531678,361.48887193714575,7.670617526471141
Volkswagen,2023,46473,Hybrid,Manual,1.5,83,Wagon,Orange,12,45.5,Low,3,0,0,1,30330.097055939623,365.4228560956581,20.22006470395975
Toyota,2016,96762,LPG,CVT,1.9,100,Convertible,Black,12,28.9,Medium,2,1,0,8,22375.444154311142,223.75444154311143,11.776549554900601
Chevrolet,2019,220460,Hybrid,Semi-Automatic,4.5,494,Convertible,Black,4,39.9,Medium,1,0,1,5,49991.30315571112,101.19696995083223,11.109178479046914
Lexus,2013,228690,LPG,Automatic,1.1,228,Convertible,Yellow,12,42.2,Low,3,0,1,11,12874.64870358177,56.467757471849865,11.704226094165245
Nissan,2011,219402,Hybrid,Manual,4.0,104,Coupe,White,4,39.5,High,2,1,1,13,14366.851418666642,138.14280210256385,3.5917128546666603
Subaru,2016,106956,Petrol,Semi-Automatic,2.9,222,Sedan,Yellow,4,47.0,Medium,1,0,0,8,13899.388412950899,62.60985771599504,4.792892556189965
Ford,2015,118452,Petrol,Automatic,2.8,324,Convertible,Silver,12,27.9,Low,1,1,0,9,43153.40697941504,133.18952771424395,15.4119310640768
Hyundai,2012,186823,LPG,Automatic,1.0,498,SUV,Black,12,16.9,Medium,1,0,0,12,10229.60728426979,20.54138008889516,10.22960728426979
BMW,2015,126311,Hybrid,Automatic,4.3,122,Wagon,White,12,11.9,Medium,1,1,0,9,49882.78429401788,408.87528109850723,11.600647510236717
Toyota,2020,209987,Hybrid,Semi-Automatic,2.4,372,Convertible,White,12,19.9,Medium,3,1,1,4,59682.49655950841,160.43681870835593,24.86770689979517
Audi,2015,185326,Diesel,Semi-Automatic,3.2,264,SUV,Yellow,12,15.7,High,3,1,1,9,30396.35065398502,115.13769187115538,9.498859579370318
Mazda,2021,7006,Electric,CVT,3.7,121,Convertible,Gray,4,32.3,Low,1,1,1,3,58330.403341590914,482.0694491040571,15.764973876105653
Mercedes-Benz,2014,249243,LPG,Automatic,3.8,171,Sedan,Green,6,17.4,High,2,1,1,10,26834.9243261689,156.92938202437955,7.061822191097079
Hyundai,2013,247754,Electric,Automatic,4.8,396,Sedan,Orange,8,11.6,High,2,0,1,11,7844.989248470876,19.81057891027999,1.6343727600980993
Chevrolet,2019,74218,Electric,Automatic,3.1,477,Convertible,Gray,8,11.4,Medium,1,1,1,5,86008.0222081892,180.31031909473626,27.744523292964256
Toyota,2021,196416,LPG,CVT,2.6,403,SUV,Black,4,43.3,Low,1,1,0,3,46271.91469559019,114.81864688732057,17.79689026753469
Hyundai,2010,164912,Hybrid,Automatic,4.8,132,Wagon,Black,4,33.7,Medium,2,0,0,14,10772.612654399125,81.61070192726609,2.2442943029998177
Toyota,2019,32430,LPG,Semi-Automatic,3.6,163,SUV,Black,6,24.3,High,1,1,1,5,22710.275024484974,139.3268406410121,6.308409729023604
Nissan,2015,23091,Electric,Automatic,2.2,113,Wagon,Brown,12,45.8,High,1,0,1,9,20445.667636013226,180.9351118231259,9.293485289096921
Mercedes-Benz,2011,164055,Hybrid,Manual,1.5,155,Convertible,Blue,4,12.8,Low,3,0,1,13,21676.85023353793,139.85064666798664,14.451233489025288
Chevrolet,2022,23989,Petrol,Semi-Automatic,4.4,432,Wagon,Red,8,49.2,High,3,1,1,2,47238.938058806285,109.34939365464417,10.736122286092337
Audi,2012,75451,LPG,CVT,2.4,487,Hatchback,Brown,12,34.7,High,1,0,0,12,15244.173371540677,31.302204048338147,6.351738904808616
Honda,2023,239160,LPG,Automatic,3.6,483,Coupe,Red,4,17.3,Low,1,0,0,1,46332.26726365501,95.92601917940996,12.87007423990417
Volkswagen,2017,18990,Hybrid,Manual,2.9,276,Pickup,White,12,37.2,Medium,3,0,0,7,30398.5246600342,110.13958210157318,10.482249882770414
Audi,2019,90270,Petrol,CVT,1.8,365,Coupe,Black,8,40.5,Low,1,1,1,5,113372.5602119094,310.6097540052312,62.984755673283
Honda,2023,80360,Petrol,CVT,3.4,167,Sedan,Silver,12,27.2,High,3,0,1,1,46146.23406925592,276.3247549057241,13.57242178507527
Mazda,2023,36081,Hybrid,Semi-Automatic,1.2,314,Hatchback,Orange,4,44.5,Low,3,1,1,1,80389.16718707839,256.0164560098038,66.99097265589866
Subaru,2015,142105,Diesel,CVT,2.7,311,Coupe,Yellow,4,16.0,Medium,2,1,0,9,20742.018077277902,66.69459188835339,7.682228917510334
Kia,2012,108272,LPG,CVT,3.2,86,Convertible,Orange,8,21.2,High,3,0,0,12,12847.478347035685,149.3892831050661,4.014836983448651
Kia,2016,16241,LPG,CVT,2.7,371,Wagon,Silver,6,13.7,Medium,2,1,0,8,19198.109619075152,51.74692619696807,7.110410970027834
Kia,2013,124932,Electric,CVT,4.0,117,Wagon,Yellow,6,18.4,Medium,2,0,1,11,12873.026921086008,110.02587112039323,3.218256730271502
BMW,2023,5939,Hybrid,Automatic,4.3,131,SUV,White,12,19.5,Low,3,0,0,1,134350.86425285865,1025.5791164340355,31.244387035548524
Lexus,2018,113000,Electric,Automatic,4.1,222,SUV,Silver,4,46.7,Medium,1,1,0,6,90731.95634113842,408.70250604116404,22.12974544905815
Tesla,2014,178634,Electric,Automatic,1.2,486,Wagon,Black,4,13.1,Low,3,1,1,10,24051.710686722876,49.48911663934748,20.04309223893573
Ford,2012,35063,Petrol,Automatic,1.8,475,Convertible,Silver,8,27.1,Low,2,1,0,12,20521.24033338569,43.202611228180395,11.40068907410316
Ford,2011,231072,LPG,Manual,3.1,300,Wagon,Black,8,31.3,Medium,3,0,1,13,5289.447186918241,17.631490623060802,1.7062732861026584
Lexus,2020,207793,Electric,Automatic,4.7,319,SUV,Silver,4,45.9,Low,3,0,1,4,80243.86799262457,251.54817552546888,17.073163402686077
Kia,2011,158117,Petrol,CVT,4.3,222,Coupe,Silver,8,49.9,Low,2,0,1,13,15837.379372203854,71.33954672163898,3.683111481907873
Volkswagen,2012,247706,Hybrid,Automatic,4.4,428,Sedan,Gray,6,40.1,Medium,3,1,0,12,7102.34984771455,16.594275345127453,1.614170419935125
Chevrolet,2011,175841,Electric,Automatic,2.2,442,SUV,Orange,6,48.8,High,3,0,0,13,15458.851487620215,34.974777121312705,7.026750676191007
Mercedes-Benz,2023,47118,LPG,Semi-Automatic,2.7,461,Convertible,Red,12,41.5,Low,2,0,1,1,201685.66561937614,437.4960208663257,74.69839467384301
Chevrolet,2013,84703,Electric,CVT,2.9,128,Coupe,Brown,8,48.5,Low,1,0,0,11,22493.360932798012,175.72938228748447,7.756331356137245
Mercedes-Benz,2011,233020,Hybrid,Automatic,1.6,356,Coupe,Gray,12,38.3,Medium,2,0,1,13,37560.16876414448,105.5060920341137,23.4751054775903
Chevrolet,2019,152697,Electric,Automatic,1.1,350,Coupe,Red,8,13.2,Low,2,1,0,5,30863.999539267792,88.18285582647941,28.058181399334355
Tesla,2018,235796,LPG,Automatic,4.8,93,Hatchback,Gray,8,26.1,Medium,3,0,1,6,20475.301691355482,220.16453431565034,4.265687852365725
BMW,2011,128557,Petrol,Manual,2.0,377,Hatchback,Blue,6,35.9,High,2,1,1,13,17865.480455737314,47.388542322910645,8.932740227868656
BMW,2018,27076,LPG,Automatic,2.0,94,Pickup,Yellow,4,24.0,High,3,0,0,6,60028.307728481486,638.599018388101,30.014153864240743
Kia,2022,195877,Petrol,Semi-Automatic,1.3,313,Coupe,Black,8,20.9,Medium,3,0,1,2,25639.28728684714,81.91465586852121,19.722528682190106
Mazda,2015,44605,Diesel,CVT,4.7,142,Convertible,Brown,8,33.1,High,3,0,1,9,18777.86197431872,132.2384646078783,3.9952897817699404
Honda,2010,84565,LPG,CVT,3.3,275,Wagon,Gray,8,47.3,Medium,2,1,1,14,8799.115784321692,31.996784670260695,2.6663987225217247
Mazda,2013,219581,LPG,Automatic,3.7,106,Convertible,Gray,4,11.4,Low,2,1,1,11,13000.531575044828,122.64652429287574,3.513657182444548
Hyundai,2023,39121,Hybrid,Automatic,4.6,172,Hatchback,White,12,40.8,High,3,1,1,1,57625.82038286021,335.0338394352338,12.527352257143525
BMW,2010,196173,Electric,Automatic,2.4,184,SUV,Silver,12,38.9,Low,1,0,0,14,32077.50151195248,174.3342473475678,13.3656256299802
BMW,2023,31433,Petrol,CVT,3.5,388,Pickup,Blue,8,48.6,Low,1,0,0,1,63549.14490853582,163.7864559498346,18.15689854529595
Audi,2015,43309,Petrol,CVT,1.2,131,Hatchback,Brown,8,47.2,Medium,2,1,1,9,43589.900134980606,332.7473292746611,36.324916779150506
Audi,2023,67468,Hybrid,Manual,1.7,398,Wagon,Brown,12,40.5,High,3,0,0,1,60793.37635190275,152.74717676357474,35.760809618766324
Honda,2022,175326,Hybrid,Semi-Automatic,4.3,260,Sedan,Yellow,12,30.8,High,3,0,1,2,31775.40450090341,122.21309423424388,7.389628953698467
Nissan,2013,67293,Electric,Manual,4.1,136,Pickup,Brown,6,18.2,Low,2,1,1,11,27790.932149566455,204.34508933504748,6.778276134040599
Hyundai,2012,96258,Electric,Semi-Automatic,2.4,199,Hatchback,Green,8,31.8,Low,1,0,1,12,7551.014993269054,37.94479896115102,3.146256247195439
Mazda,2012,168925,LPG,Manual,2.5,387,Convertible,Brown,12,40.6,Medium,2,0,1,12,6956.090798447504,17.974394828029727,2.7824363193790016
Volkswagen,2018,38405,Diesel,CVT,3.1,442,Pickup,Gray,6,45.8,High,2,0,1,6,34589.948227764085,78.25780142028074,11.15804781540777
Audi,2015,197724,Electric,Manual,1.0,122,Convertible,Green,4,41.6,Medium,3,1,0,9,50055.98991856911,410.2949993325337,50.05598991856911
Volkswagen,2018,43527,Hybrid,Semi-Automatic,2.0,214,Coupe,Red,8,17.8,Medium,2,0,0,6,51530.930541838476,240.79874084971252,25.765465270919236
Toyota,2022,77227,Electric,Automatic,1.8,452,Coupe,Silver,12,34.0,Medium,1,1,0,2,79052.99173611977,174.8959994161942,43.918328742288764
Audi,2014,131564,Petrol,Semi-Automatic,2.0,339,Coupe,Green,8,23.3,High,2,0,0,10,49118.78592024915,144.8931738060447,24.559392960124576
Tesla,2011,224490,Diesel,Automatic,4.2,276,Pickup,Red,6,10.4,Medium,3,1,0,13,23087.378171645807,83.64992091176018,5.496994802772811
Nissan,2017,139883,LPG,CVT,2.1,212,Sedan,Blue,12,18.0,High,1,1,0,7,24419.119968187155,115.1845281518262,11.628152365803407
Hyundai,2014,93344,Petrol,Semi-Automatic,1.8,334,Wagon,Orange,4,14.5,Medium,3,1,1,10,14849.582835642188,44.45982884922811,8.249768242023437
Subaru,2011,155344,Petrol,Manual,3.0,299,Pickup,Black,4,43.7,Low,2,1,0,13,5742.288566334737,19.204978482724872,1.9140961887782457
Honda,2013,225007,Diesel,Semi-Automatic,4.5,415,SUV,Gray,6,20.3,Medium,2,0,1,11,8912.185830723503,21.475146580056634,1.9804857401607785
Toyota,2018,203082,LPG,Automatic,2.0,120,Convertible,Green,4,21.4,Medium,2,1,1,6,28300.30876256002,235.83590635466683,14.15015438128001
Subaru,2013,223564,Hybrid,CVT,1.3,467,Convertible,Orange,4,48.4,High,3,0,0,11,23505.052491850067,50.33201818383312,18.080809609115438
Hyundai,2022,47153,LPG,Manual,2.4,334,Pickup,Silver,4,25.2,Low,2,0,0,2,51980.87482286803,155.63136174511385,21.658697842861677
Mazda,2021,108042,Electric,Semi-Automatic,4.0,81,Pickup,White,4,10.4,Low,1,1,1,3,36488.93810730329,450.4807173741147,9.122234526825823
Kia,2021,54110,Petrol,Automatic,3.2,274,Wagon,Blue,4,21.4,High,1,0,1,3,23445.89505865302,85.5689600680767,7.3268422058290685
Tesla,2021,145051,Electric,Manual,4.3,321,Sedan,Black,4,14.8,High,3,0,1,3,45327.43266083837,141.20695532971456,10.541263409497295
Hyundai,2022,241131,Hybrid,CVT,4.8,228,Pickup,Silver,4,14.1,Low,3,0,1,2,17856.244997244095,78.31686402300042,3.72005104109252
Tesla,2023,239173,Electric,Manual,4.2,277,Coupe,Blue,12,13.1,High,3,0,1,1,81742.61019111228,295.09967578018876,19.462526235979116
Lexus,2013,28328,LPG,CVT,3.4,378,Wagon,White,4,33.7,Low,2,1,0,11,42062.311930282,111.27595748751851,12.371268214788822
Tesla,2011,112911,Electric,Manual,3.0,324,SUV,Red,12,17.6,Medium,1,0,0,13,39551.060455532635,122.0711742454711,13.183686818510878
Volkswagen,2022,12867,Hybrid,Semi-Automatic,1.2,417,Coupe,White,8,24.4,Medium,1,0,1,2,99230.87217169798,237.96372223428773,82.69239347641498
Lexus,2021,59234,Hybrid,Automatic,4.9,187,SUV,Green,6,44.5,Low,1,0,1,3,97533.36262011788,521.5687840648015,19.90476788165671
Chevrolet,2015,25851,Hybrid,Semi-Automatic,2.5,472,Hatchback,Black,4,27.0,Low,3,0,1,9,14297.066251291033,30.290394600192865,5.718826500516413
Subaru,2022,31279,LPG,Semi-Automatic,1.6,291,SUV,Brown,6,46.6,Medium,3,0,1,2,65018.57065052842,223.43151426298425,40.63660665658026
Kia,2020,248503,Hybrid,CVT,3.7,235,Coupe,Yellow,4,29.9,Medium,2,1,1,4,32704.77537121817,139.1692568988007,8.839128478707613
Lexus,2023,227135,Petrol,CVT,2.1,105,Hatchback,Gray,12,26.0,Low,3,0,1,1,21177.752618015576,201.69288207633883,10.084644103816942
Mazda,2011,73402,Hybrid,CVT,3.3,161,Coupe,Gray,4,40.0,High,1,1,1,13,21967.691572204243,136.44528926834934,6.6568762340012855
Toyota,2021,15449,Electric,Semi-Automatic,3.3,162,Convertible,Red,8,12.9,High,2,0,1,3,80986.97517515293,499.919599846623,24.54150762883422
Hyundai,2016,76221,Electric,Manual,2.8,210,Coupe,Silver,6,13.6,Low,3,1,0,8,15230.418422809991,72.52580201338091,5.439435151003568
Mercedes-Benz,2012,89080,Electric,Manual,4.3,408,Hatchback,Black,6,36.1,High,3,0,1,12,26733.086771956103,65.52227149989241,6.216996923710721
Toyota,2012,5451,LPG,Semi-Automatic,2.1,179,SUV,Brown,8,29.5,Medium,1,0,1,12,14528.60681464074,81.16540119911028,6.918384197447971
Chevrolet,2014,87178,Electric,Semi-Automatic,2.8,335,Convertible,Red,12,41.6,Medium,2,1,0,10,28565.369042076545,85.26975833455685,10.201917515027338
Toyota,2012,172388,LPG,Automatic,3.2,128,Sedan,Yellow,12,46.7,High,3,1,1,12,6328.205289003534,49.43910382034011,1.9775641528136043
BMW,2011,194136,LPG,CVT,3.7,480,Sedan,Green,8,25.5,Low,3,1,1,13,17239.90902548615,35.916477136429485,4.659434871753014
Mazda,2019,63761,Hybrid,CVT,4.1,142,Sedan,Green,6,33.9,Medium,2,0,1,5,31133.904322114064,219.25284733883143,7.593635200515625
Mercedes-Benz,2018,236562,Petrol,Semi-Automatic,2.6,390,Sedan,Brown,4,30.0,Medium,2,1,1,6,45132.81764394115,115.72517344600294,17.358776016900443
Lexus,2011,38870,Hybrid,Semi-Automatic,3.6,486,Wagon,Brown,12,49.3,Medium,3,1,0,13,43406.416567512126,89.3136143364447,12.057337935420035
Lexus,2023,96566,Hybrid,Manual,1.6,369,Sedan,Brown,4,43.2,High,3,1,1,1,89578.29475560352,242.75960638374937,55.9864342222522
Lexus,2020,123749,LPG,Semi-Automatic,4.7,184,Hatchback,White,6,46.5,Low,1,0,1,4,36886.110495792615,200.46799182495985,7.848108616126088
Chevrolet,2011,123765,LPG,Manual,2.5,184,Pickup,Gray,4,20.2,High,2,0,1,13,13367.664900537613,72.65035272031311,5.347065960215045
Volkswagen,2022,124881,Electric,Semi-Automatic,3.9,404,Sedan,Orange,8,40.9,Low,3,0,0,2,65895.67696990242,163.10811131163965,16.896327428180108
Subaru,2017,161945,Electric,Automatic,1.1,94,Coupe,Black,12,20.6,Low,3,1,1,7,23489.537011211494,249.8886916086329,21.354124555646813
Hyundai,2018,128389,Hybrid,Automatic,1.8,254,Pickup,Orange,12,18.3,High,3,0,1,6,21181.845892834066,83.39309406627585,11.767692162685591
Nissan,2016,189699,Diesel,Manual,2.9,338,Sedan,White,8,47.8,Medium,3,0,0,8,17836.761229994685,52.77148292897836,6.150607320687822
Ford,2012,197227,Diesel,CVT,4.5,290,Pickup,Silver,8,10.8,Low,1,0,0,12,17880.207949864252,61.655889482290526,3.9733795444142785
Subaru,2018,230258,Electric,Automatic,3.1,491,SUV,Green,12,48.6,High,2,0,0,6,50302.82212268405,102.44973955740132,16.22671681376905
Chevrolet,2012,25372,Diesel,Manual,4.7,338,Hatchback,Gray,12,16.0,Medium,3,1,0,12,16358.038449351432,48.39656345961962,3.4804337126279643
Honda,2014,3642,Electric,Semi-Automatic,2.9,181,Hatchback,Brown,12,42.8,Low,2,0,1,10,31996.355628718513,176.7754454625332,11.033226078868452
Mazda,2018,159073,LPG,Semi-Automatic,3.0,339,Pickup,Yellow,6,21.0,Low,2,1,0,6,12979.785564327,38.28845299211504,4.326595188109
Hyundai,2021,34064,Hybrid,Manual,1.5,423,Convertible,Yellow,6,24.0,Medium,3,1,0,3,56992.40248886526,134.73381203041433,37.99493499257684
Subaru,2023,225898,Petrol,CVT,4.2,238,Wagon,Yellow,6,18.7,Low,3,1,0,1,44056.13957974956,185.10983016701493,10.489557042797514
Kia,2023,14122,Hybrid,Manual,2.0,124,Coupe,Black,4,33.4,High,3,1,1,1,46129.279438215985,372.0103180501289,23.06463971910799
Chevrolet,2012,155892,Electric,Manual,4.6,380,Pickup,Brown,6,23.9,Low,1,1,0,12,12988.30551203616,34.17975134746358,2.8235446765296
BMW,2016,68431,Electric,Automatic,4.6,330,Hatchback,Gray,12,36.3,Low,3,1,1,8,49211.63543931696,149.1261679979302,10.698181617242817
Ford,2021,55745,Hybrid,Manual,4.8,410,SUV,Green,6,10.6,Medium,2,0,1,3,84873.10006500779,207.00756113416534,17.681895846876625
BMW,2010,50081,Electric,Manual,3.1,244,Sedan,Orange,12,12.6,High,2,1,0,14,17542.25227874313,71.89447655222594,5.658791057659074
Lexus,2013,201974,Diesel,Semi-Automatic,3.7,272,Hatchback,Brown,8,14.0,Medium,1,0,1,11,18099.196365291074,66.54116310768778,4.891674693321912
Ford,2013,139783,Diesel,Automatic,4.1,88,SUV,Brown,4,26.8,High,3,1,0,11,10422.762224696877,118.44047982610087,2.542137127974848
Subaru,2016,216204,Electric,Semi-Automatic,1.5,480,Sedan,White,4,42.6,Medium,3,0,0,8,20736.632680498435,43.20131808437174,13.824421786998956
Kia,2017,149865,Electric,Semi-Automatic,3.4,453,Wagon,Silver,8,45.5,Low,1,1,1,7,48656.15788622143,107.40873705567644,14.310634672418068
Lexus,2010,139271,Diesel,CVT,1.1,144,Hatchback,Yellow,12,19.8,High,1,0,1,14,9008.329794933463,62.557845798149046,8.189390722666785
Nissan,2014,76253,Electric,CVT,3.0,466,Hatchback,Red,4,33.0,High,3,0,1,10,11048.09341373927,23.70835496510573,3.6826978045797567
Mazda,2016,36191,Electric,Automatic,1.6,361,Pickup,Gray,6,40.7,Low,3,1,1,8,38141.53562114108,105.65522332726061,23.838459763213177
Honda,2021,10211,Hybrid,Automatic,1.7,260,Pickup,White,12,21.6,Medium,2,1,0,3,64657.50559222626,248.68271381625485,38.033826818956626
Hyundai,2013,111086,Petrol,CVT,2.5,494,SUV,Silver,4,26.4,High,3,1,1,11,11252.70358991542,22.778752206306518,4.501081435966168
Volkswagen,2022,194141,Diesel,CVT,2.7,361,Convertible,Silver,8,31.0,Low,3,1,1,2,53722.801299230276,148.8166240975908,19.89733381452973
BMW,2013,219968,Hybrid,CVT,3.5,358,Pickup,Blue,12,15.4,Low,2,0,1,11,41156.86753751525,114.96331714389736,11.759105010718644
BMW,2013,187818,Petrol,CVT,1.3,109,Coupe,Yellow,4,11.0,High,2,0,1,11,19175.12835911584,175.91860879922788,14.750098737781414
Lexus,2021,152614,Electric,CVT,3.0,345,Wagon,Blue,8,16.1,High,2,1,0,3,62347.11462970532,180.71627428900092,20.782371543235108
Tesla,2015,162384,Electric,Semi-Automatic,1.7,407,Coupe,White,12,35.1,High,2,1,0,9,57069.50407589516,140.21991173438613,33.57029651523245
Ford,2016,176314,Hybrid,Automatic,3.3,296,Hatchback,Silver,6,12.9,Low,1,0,1,8,23330.823205165434,78.82034866609943,7.069946425807707
Audi,2011,101971,Electric,Semi-Automatic,3.5,399,Coupe,Red,12,17.6,Medium,2,1,1,13,22950.912101504695,57.52108296116465,6.55740345757277
Nissan,2014,93783,LPG,Semi-Automatic,3.2,485,Sedan,Gray,6,23.5,Medium,1,0,0,10,18287.75340280885,37.706708047028556,5.714922938377765
Hyundai,2013,125681,Hybrid,Manual,4.0,478,Wagon,Blue,12,13.1,High,2,1,0,11,23281.203186812927,48.705445997516584,5.820300796703232
Ford,2023,87893,Petrol,Semi-Automatic,2.3,458,Coupe,Silver,8,17.7,Low,2,1,0,1,53678.50583523176,117.20197780618288,23.338480797926852
Tesla,2022,186460,Hybrid,CVT,4.1,184,Sedan,Gray,6,46.5,Low,2,0,0,2,66776.15149327481,362.91386681127614,16.286866217871903
Toyota,2012,237653,Diesel,CVT,2.7,263,SUV,Yellow,6,10.8,High,3,0,1,12,5000.0,19.011406844106464,1.8518518518518519
Ford,2016,158763,Hybrid,Manual,2.9,409,Coupe,Orange,12,36.1,Low,1,1,1,8,38828.16636989994,94.93439210244485,13.389022886172393
Volkswagen,2020,77960,Electric,Manual,3.6,227,Wagon,Gray,4,25.4,Low,2,0,0,4,47351.86676039103,208.59853198410144,13.153296322330842
Hyundai,2021,84388,Electric,Manual,1.1,184,Sedan,Silver,6,36.9,Low,3,1,0,3,33680.97312450449,183.04876698100267,30.619066476822262
Subaru,2015,22601,LPG,Manual,3.6,126,Coupe,White,12,33.5,High,1,0,1,9,24560.049423664066,194.92102717193703,6.822235951017796
Nissan,2023,249379,LPG,Manual,3.5,166,SUV,Blue,8,18.9,High,1,1,1,1,16404.055251020607,98.81960994590727,4.68687292886303
Tesla,2016,149092,LPG,Semi-Automatic,2.2,388,Coupe,Blue,12,43.9,High,3,1,0,8,51792.889088288954,133.48682754713647,23.542222312858616
Toyota,2014,139227,Petrol,Manual,1.3,208,Sedan,Green,12,29.7,Medium,1,1,1,10,14298.655883778229,68.74353790277995,10.998966064444792
Mazda,2022,200191,LPG,Semi-Automatic,1.4,337,Coupe,Silver,6,42.9,Medium,3,0,0,2,24783.94259826191,73.54285637466442,17.70281614161565
Mercedes-Benz,2015,212123,Petrol,Automatic,4.7,393,Wagon,Green,4,26.2,High,2,0,1,9,47623.818605444125,121.18020001385274,10.132727362860452
Tesla,2014,167849,LPG,Manual,3.8,226,Hatchback,Red,8,49.4,Low,3,0,1,10,8309.887879266142,36.76941539498293,2.1868125998068795
Mercedes-Benz,2023,19710,Petrol,Manual,1.5,151,Sedan,Red,6,40.8,Low,1,0,0,1,105984.96921215257,701.8872133255137,70.65664614143505
Hyundai,2016,108714,Hybrid,Semi-Automatic,2.4,219,Sedan,Silver,6,48.6,High,1,1,1,8,19401.21257308278,88.59001174923644,8.083838572117825
BMW,2011,155604,Hybrid,Automatic,3.4,489,Sedan,Blue,6,30.6,Low,2,0,0,13,25901.47107494636,52.96824350704777,7.6180797279254
Tesla,2023,128727,Electric,Semi-Automatic,4.3,106,Sedan,Yellow,8,28.9,Low,3,0,1,1,68936.33369372103,650.3427706954814,16.03170551016768
Mazda,2020,149673,Petrol,Semi-Automatic,1.2,108,Coupe,Black,4,40.2,Medium,2,0,0,4,23180.979566858365,214.63869969313302,19.31748297238197
Honda,2014,63227,Diesel,Manual,1.9,350,Wagon,Red,8,45.2,Low,3,1,0,10,9479.81427159571,27.085183633130598,4.9893759324187945
Lexus,2015,136039,Electric,CVT,4.6,253,SUV,Blue,8,48.6,Low,3,0,0,9,47590.0615235389,188.10300997446205,10.345665548595413
Mercedes-Benz,2015,84289,Hybrid,CVT,1.0,332,Wagon,Brown,4,23.0,High,3,0,1,9,68244.18350358876,205.55476958912277,68.24418350358876
Lexus,2014,151094,Petrol,Semi-Automatic,1.8,464,Sedan,Brown,8,41.9,Medium,2,1,0,10,26358.114092114552,56.806280370936534,14.643396717841417
Volkswagen,2019,174535,LPG,Manual,4.8,139,Convertible,Green,12,18.4,Medium,2,1,0,5,37371.45680863283,268.8594015009556,7.785720168465173
Honda,2016,205743,Diesel,Automatic,3.5,186,Coupe,Gray,8,31.8,Low,1,1,1,8,28186.001755463905,151.53764384658012,8.053143358703974
Lexus,2019,5722,Hybrid,CVT,2.0,299,Convertible,Yellow,6,17.2,High,2,1,1,5,97670.93903903819,326.65865899343873,48.835469519519094
Chevrolet,2017,158485,Electric,Automatic,1.3,338,Coupe,Green,8,23.9,Medium,3,1,0,7,47554.474679832136,140.69371207050926,36.58036513833241
Chevrolet,2016,223844,Petrol,CVT,1.1,450,Sedan,Brown,6,47.3,Medium,3,1,0,8,6984.249277536193,15.52055395008043,6.3493175250329035
Toyota,2014,81050,Diesel,Manual,2.0,225,Coupe,Yellow,8,15.8,Low,3,1,1,10,27875.49860892327,123.89110492854786,13.937749304461635
Nissan,2010,240504,Petrol,Semi-Automatic,4.5,131,Sedan,Black,6,35.3,Medium,2,0,1,14,7831.472685245891,59.78223423851825,1.7403272633879756
BMW,2022,233820,LPG,Automatic,2.7,139,Wagon,Gray,6,33.7,High,1,1,1,2,26127.76910037281,187.96956187318568,9.676951518656596
Hyundai,2014,236994,Electric,Automatic,3.9,113,Pickup,Green,6,14.8,High,2,1,0,10,14412.966626208165,127.5483772230811,3.6956324682585038
Tesla,2019,216939,Petrol,Semi-Automatic,4.7,175,Hatchback,Brown,4,23.0,Medium,1,1,1,5,44313.86635288457,253.2220934450547,9.428482202741398
Audi,2011,83596,Hybrid,Automatic,2.6,168,Coupe,Red,8,32.5,High,2,1,0,13,23935.86371930945,142.47537928160386,9.206101430503635
Volkswagen,2022,66732,Electric,CVT,1.8,395,Sedan,Red,8,17.5,High,3,1,0,2,58305.20041455827,147.6081023153374,32.391778008087925
Mercedes-Benz,2014,143369,Hybrid,Semi-Automatic,3.1,489,Convertible,Green,12,42.0,Low,1,0,0,10,50556.14075091749,103.38679090167176,16.308432500295964
Hyundai,2014,68323,Petrol,CVT,4.6,310,Sedan,Black,12,48.9,Medium,2,0,1,10,12534.63579202159,40.43430900652126,2.7249208243525196
Honda,2011,23816,Electric,CVT,4.2,354,Convertible,Black,12,18.6,Medium,3,0,1,13,14857.75812602064,41.97106815260068,3.537561458576343
Kia,2014,40695,Hybrid,Manual,1.3,325,Coupe,Silver,8,17.5,Low,1,0,1,10,21221.564741723505,65.29712228222617,16.324280570556542
Chevrolet,2022,150774,LPG,CVT,3.8,190,SUV,Gray,4,28.2,Low,1,0,0,2,26776.475785242605,140.9288199223295,7.046440996116475
Kia,2013,156314,LPG,Manual,3.3,313,Convertible,Blue,6,39.9,Low,3,0,0,11,17464.52898751937,55.79721721252195,5.292281511369506
Mazda,2010,55841,Petrol,Automatic,4.6,357,Sedan,Black,8,21.3,Low,3,0,1,14,9838.60336919398,27.559113078974733,2.1388268193899953
Volkswagen,2012,128498,Electric,Automatic,1.5,496,Coupe,Gray,4,10.8,High,2,1,1,12,28775.29637228268,58.01471042798927,19.18353091485512
Audi,2010,198784,Diesel,Manual,3.1,245,Sedan,Black,4,31.6,High,2,1,0,14,12686.295728590696,51.780798892206924,4.092353460835708
Tesla,2021,216735,Electric,CVT,4.5,207,SUV,Silver,8,48.3,Low,3,1,0,3,43233.62917945754,208.85811197805575,9.607473150990565
Toyota,2020,107096,LPG,Semi-Automatic,2.6,316,Hatchback,Orange,6,25.7,Medium,2,1,0,4,41082.89389285486,130.0091578887812,15.801113035713408
Audi,2014,92764,Hybrid,Semi-Automatic,2.9,370,Pickup,Black,4,26.8,Medium,3,1,0,10,62725.459021972856,169.52826762695366,21.6294686282665
Volkswagen,2013,184646,Diesel,Manual,1.3,186,Pickup,Gray,8,48.8,Medium,3,1,1,11,13342.724507639517,71.73507799806193,10.263634236645782
Audi,2016,85744,Petrol,Automatic,2.1,207,SUV,Silver,6,37.8,Low,2,0,0,8,43651.86550371608,210.87857731263807,20.78660262081718
Volkswagen,2014,28482,Diesel,Automatic,2.3,274,Wagon,Silver,12,38.8,High,2,1,0,10,30478.621221638172,111.23584387459186,13.25157444419051
Volkswagen,2019,9171,Petrol,Semi-Automatic,4.8,418,Coupe,Gray,4,32.5,High,1,1,1,5,47048.15692364074,112.55539933885343,9.80169935909182
Ford,2023,100755,Diesel,Manual,2.1,473,SUV,Gray,4,49.0,High,1,1,1,1,33260.62212743063,70.31844001570958,15.83839148925268
Mercedes-Benz,2013,230004,Petrol,Semi-Automatic,2.8,222,Hatchback,Red,8,37.6,High,2,0,1,11,16626.06915025052,74.89220337950685,5.937881839375186
Subaru,2011,108125,Petrol,CVT,3.7,474,Sedan,Orange,8,45.8,Medium,2,0,1,13,19092.477214658877,40.27948779463898,5.160128976934831
Kia,2013,130722,Diesel,CVT,1.6,190,Coupe,Silver,6,38.0,Medium,2,0,0,11,9579.283351856315,50.41728079924376,5.987052094910196
Subaru,2021,106082,Diesel,Manual,2.9,169,Convertible,Red,12,39.4,High,1,1,0,3,47721.26719064692,282.3743620748338,16.455609376085146
Subaru,2011,3696,Petrol,Manual,4.0,330,SUV,Yellow,12,21.6,Low,2,1,0,13,9214.781154221106,27.923579255215472,2.3036952885552764
Subaru,2017,126310,LPG,CVT,4.5,359,Hatchback,Green,8,22.1,High,1,1,0,7,13175.004615993175,36.69917720332361,2.927778803554039
Lexus,2012,151130,Diesel,Automatic,3.5,412,SUV,Green,8,41.3,High,1,0,0,12,27318.756059561965,66.30766033874264,7.805358874160562
Chevrolet,2018,151385,Electric,Manual,3.7,303,Wagon,Silver,6,21.9,Low,1,0,1,6,28617.83855132365,94.44831205057311,7.734550959817203
Ford,2022,19149,Hybrid,CVT,1.5,180,Pickup,Red,8,32.5,High,1,1,1,2,108536.40539692937,602.980029982941,72.35760359795292
Tesla,2013,130064,Petrol,CVT,4.8,211,Pickup,Orange,6,20.0,Medium,3,0,0,11,22259.99483298899,105.4976058435497,4.637498923539373
Ford,2022,53521,Petrol,Automatic,1.5,92,Coupe,Orange,6,42.7,Low,2,1,1,2,40530.8956151817,440.5532132084967,27.020597076787798
BMW,2015,45740,Hybrid,Automatic,4.1,177,Sedan,Yellow,12,14.4,Low,2,0,0,9,44314.677303722645,250.36540849560816,10.808457878956743
BMW,2019,106611,LPG,Automatic,2.1,199,Hatchback,Silver,6,43.2,High,3,0,0,5,44647.03366637,224.35695309733669,21.260492222080952
Lexus,2014,136028,Hybrid,Automatic,4.7,372,SUV,Black,12,34.1,Medium,2,0,0,10,18874.124223020743,50.736893072636406,4.015771111281009
Chevrolet,2019,206803,Diesel,Semi-Automatic,3.9,383,Coupe,Yellow,12,17.5,Medium,1,1,0,5,33733.235820672555,88.07633373543749,8.649547646326296
Audi,2022,213684,Hybrid,Automatic,4.0,278,SUV,Red,12,31.7,Medium,3,0,0,2,91942.24620642513,330.72750433965876,22.98556155160628
Mercedes-Benz,2010,248922,Petrol,Semi-Automatic,1.9,80,Coupe,Black,8,21.3,High,1,1,1,14,10918.494384527057,136.48117980658822,5.7465759918563455
Chevrolet,2018,66641,Hybrid,Manual,2.8,139,Pickup,Green,12,22.9,High,3,1,1,6,45671.44535398365,328.57154930923485,16.311230483565588
Lexus,2010,63811,Electric,CVT,3.5,329,Wagon,White,6,24.1,Medium,1,1,0,14,24424.879584243357,74.23975557520777,6.978537024069531
Volkswagen,2017,183232,Diesel,Semi-Automatic,4.1,219,SUV,Green,8,12.5,High,2,0,0,7,16096.200835529666,73.49863395219026,3.9259026428121135
Honda,2018,182385,Hybrid,Manual,1.4,228,Wagon,Silver,6,49.4,Medium,2,0,1,6,25209.560895021837,110.56824953956946,18.006829210729883
Mercedes-Benz,2018,63232,Petrol,Manual,4.8,474,Convertible,Gray,8,11.3,High,2,0,0,6,50014.1120746678,105.51500437693629,10.419606682222458
Nissan,2010,15417,Diesel,Semi-Automatic,4.6,123,Convertible,Green,6,36.5,Low,3,1,0,14,19379.234123549704,157.5547489719488,4.2128769833803705
Kia,2011,155801,Petrol,Manual,2.1,450,Pickup,Brown,4,24.8,Low,2,0,0,13,9310.06771126752,20.689039358372266,4.433365576794057
Mercedes-Benz,2021,112492,LPG,Manual,4.3,265,Hatchback,Green,4,35.8,High,3,0,1,3,30045.207750999165,113.37814245660063,6.9872576165114335
Lexus,2022,30099,Electric,Semi-Automatic,3.1,187,Wagon,Green,4,24.2,High,1,1,0,2,146048.1677752382,781.0062447873701,47.11231218556071
Volkswagen,2010,249459,LPG,Manual,2.8,123,Coupe,Green,6,37.0,Medium,2,1,0,14,8759.1034264705,71.21222297943496,3.128251223739464
Volkswagen,2019,229206,Electric,Automatic,2.3,157,Hatchback,Green,8,39.2,Low,1,1,1,5,29548.5516799312,188.20733554096304,12.847196382578781
Toyota,2011,161033,Hybrid,Automatic,3.3,305,SUV,Black,12,37.6,Medium,2,0,0,13,13644.869038137149,44.7372755348759,4.1348087994355
Subaru,2019,143674,Diesel,CVT,3.9,241,SUV,Black,12,14.6,High,1,0,0,5,21335.226652537247,88.52791142131638,5.470570936548012
Chevrolet,2021,118474,Hybrid,Manual,2.6,360,Coupe,Green,6,36.3,Medium,3,1,1,3,64099.165349283576,178.05323708134327,24.653525134339837
Volkswagen,2017,9256,Electric,CVT,3.5,332,Sedan,Blue,6,21.2,Medium,2,0,1,7,63439.4567431784,191.08270103366988,18.125559069479543
BMW,2014,217192,Electric,Automatic,3.8,211,Sedan,Blue,6,11.2,High,3,1,0,10,19473.321038231104,92.29062103427064,5.124558167955554
Subaru,2021,243588,Electric,Automatic,3.8,451,SUV,Black,6,26.6,Low,3,0,1,3,42808.64859029086,94.91939820463605,11.265433839550226
Tesla,2020,34681,Petrol,Automatic,1.2,454,Pickup,White,12,27.3,Medium,1,1,0,4,85096.38549827771,187.43697246316677,70.91365458189809
Honda,2016,91328,Diesel,Manual,4.4,223,Pickup,Gray,8,28.7,High,2,0,0,8,17555.89663190767,78.72599386505682,3.9899765072517437
Lexus,2011,218512,Hybrid,Manual,2.8,345,Coupe,Yellow,12,38.2,Medium,3,1,1,13,25494.448537245822,73.89695228187195,9.105160191873507
Kia,2017,195861,Hybrid,Automatic,2.0,188,Sedan,Brown,6,22.4,High,1,1,0,7,11043.099122047312,58.739888947060166,5.521549561023655
Chevrolet,2020,43361,LPG,CVT,2.0,273,Wagon,Brown,4,22.6,High,1,1,1,4,27246.167554758827,99.80281155589314,13.623083777379414
Hyundai,2015,195575,Electric,CVT,2.9,114,SUV,Green,12,12.4,High,1,0,1,9,8689.842351460562,76.2266872935137,2.9964973625726077
BMW,2017,34540,Electric,Semi-Automatic,4.5,469,Convertible,White,4,37.5,Low,2,0,1,7,92027.22272752023,196.22009110345465,20.45049393944894
Mazda,2010,157608,Electric,Automatic,2.5,354,Wagon,Blue,4,32.7,Low,2,0,0,14,11895.421183656928,33.60288469959584,4.758168473462772
Nissan,2010,84700,Hybrid,CVT,4.0,266,Coupe,Blue,6,24.0,High,1,1,1,14,26312.91576959265,98.92073597591222,6.578228942398163
Audi,2021,194115,LPG,Automatic,1.4,322,Convertible,White,12,38.2,Low,2,1,0,3,89099.5114594775,276.70655732756984,63.642508185341065
Volkswagen,2016,78532,Petrol,CVT,2.9,343,Wagon,Gray,8,31.5,Medium,1,1,1,8,16892.48314826421,49.2492220066012,5.824994189056625
Hyundai,2017,187647,Diesel,Semi-Automatic,5.0,89,Sedan,Black,12,28.8,Low,2,1,1,7,18017.301962386286,202.44159508299197,3.603460392477257
Volkswagen,2022,127626,Petrol,Semi-Automatic,4.1,245,Pickup,Gray,8,30.5,Low,2,1,0,2,52982.94215038217,216.25690673625377,12.922668817166384
Mercedes-Benz,2012,133943,Hybrid,Automatic,1.8,108,Sedan,Silver,8,35.5,Medium,1,1,0,12,25373.06397117664,234.93577751089484,14.09614665065369
BMW,2014,46002,Electric,CVT,3.0,350,Convertible,Silver,6,36.4,Medium,1,1,1,10,43885.10390522495,125.38601115778556,14.628367968408316
Mercedes-Benz,2021,49812,Diesel,Manual,1.9,166,Hatchback,Blue,8,21.6,Medium,2,1,0,3,39873.95560674302,240.2045518478495,20.986292424601587
Toyota,2010,153698,Hybrid,Semi-Automatic,2.6,102,Pickup,Yellow,12,15.6,High,1,1,0,14,9052.585536933657,88.75083859738879,3.4817636680514066
Mercedes-Benz,2016,191051,Hybrid,Automatic,4.1,289,SUV,Silver,12,16.3,Medium,1,0,1,8,71182.04192399168,246.30464333561136,17.36147363999797
Toyota,2014,207129,Hybrid,Automatic,4.1,125,Convertible,Blue,4,35.6,Medium,1,1,1,10,20001.8588223446,160.01487057875678,4.878502151791365
Nissan,2017,108946,Diesel,CVT,1.9,107,Coupe,Green,8,44.9,Medium,1,0,0,7,38296.62323030794,357.9123666383919,20.156117489635758
Lexus,2022,66668,Diesel,Automatic,4.7,105,SUV,Orange,6,26.4,High,2,1,1,2,98800.3880732507,940.9560768881018,21.021359164521424
Toyota,2017,99003,LPG,Semi-Automatic,3.4,345,Wagon,Orange,6,16.8,Low,3,0,1,7,17157.701250921033,49.732467393974005,5.046382720859127
Hyundai,2018,211142,LPG,Automatic,2.5,254,Pickup,Red,12,40.3,High,2,1,1,6,22588.258490649772,88.93015153799124,9.03530339625991
Subaru,2016,220462,Petrol,Automatic,3.0,83,Coupe,Green,8,43.3,Low,1,0,0,8,11094.64889757314,133.67046864545952,3.698216299191047
Volkswagen,2020,42998,Diesel,Manual,3.4,390,Coupe,Orange,6,45.2,Medium,1,1,0,4,29158.870286442132,74.76633406780034,8.576138319541803
Audi,2010,194886,Diesel,Manual,3.2,401,Sedan,Gray,8,34.3,High,2,1,0,14,17787.208579783775,44.357128627889715,5.558502681182429
Subaru,2022,104601,Diesel,Semi-Automatic,2.9,146,Wagon,Red,8,44.4,High,1,1,1,2,39512.09284860728,270.6307729356663,13.624859602968028
Kia,2012,176679,LPG,CVT,3.0,214,Sedan,Blue,4,10.6,Low,2,0,0,12,6748.139693376195,31.533363053159793,2.249379897792065
Lexus,2017,7812,Hybrid,Manual,1.7,134,Sedan,White,6,14.3,High,3,1,1,7,49510.33795294811,369.4801339772247,29.123728207616534
Mercedes-Benz,2012,61844,Electric,CVT,4.3,110,Pickup,White,4,13.7,High,1,0,1,12,65306.295632158886,593.6935966559898,15.187510612129973
Mazda,2017,201165,LPG,Semi-Automatic,3.2,153,Hatchback,Blue,6,38.5,Low,3,0,1,7,9261.700750910892,60.5339918360189,2.8942814846596536
Kia,2010,133251,Diesel,Manual,1.5,98,Sedan,Yellow,8,12.8,High,3,0,1,14,5757.832759765772,58.753395507814,3.838555173177181
BMW,2014,174870,LPG,CVT,4.1,235,SUV,Blue,6,29.9,High,1,0,0,10,27431.0211736863,116.72774967526084,6.69049296919178
Toyota,2013,74601,Petrol,Manual,4.7,416,Coupe,Black,12,28.9,Medium,1,0,1,11,22590.715182040807,54.30460380298271,4.806535145115065
Volkswagen,2014,139347,Diesel,Semi-Automatic,4.8,235,Pickup,White,8,22.4,Medium,2,1,1,10,14562.040901661663,61.96613149643261,3.033758521179513
Honda,2017,181646,Petrol,Semi-Automatic,2.5,226,Sedan,Orange,6,44.8,Medium,2,0,0,7,22480.13349397217,99.46961722996537,8.992053397588869
Chevrolet,2019,47857,Diesel,Manual,1.5,166,Convertible,Brown,4,16.8,Medium,1,0,1,5,47194.767094967174,284.3058258732962,31.46317806331145
Hyundai,2023,125555,LPG,CVT,3.1,99,SUV,Red,4,24.1,Medium,2,0,0,1,34531.50480181134,348.8030788061751,11.139195097358495
Audi,2013,232556,Hybrid,Automatic,1.5,348,Wagon,Yellow,8,41.0,High,3,0,0,11,36781.07644860426,105.69274841552948,24.52071763240284
Ford,2020,20700,Electric,Automatic,4.7,412,Coupe,Silver,4,11.2,High,3,1,0,4,125449.1952306604,304.48833793849616,26.691318134183064
Hyundai,2013,170536,Petrol,Manual,1.7,122,Pickup,Green,8,36.9,Medium,1,1,1,11,6023.570484716468,49.373528563249735,3.5432767557155693
Nissan,2012,173423,LPG,CVT,2.0,474,Convertible,Yellow,8,42.7,Low,2,1,0,12,9033.53304567958,19.05808659426072,4.51676652283979
Honda,2016,93330,Hybrid,Automatic,2.6,478,Pickup,Silver,8,47.3,Medium,1,0,1,8,41877.73147477827,87.61031689284158,16.106819797991644
Mazda,2012,225391,LPG,Semi-Automatic,2.5,480,Pickup,Yellow,6,45.1,High,3,0,0,12,13336.119299027094,27.783581872973112,5.3344477196108375
Chevrolet,2021,213606,Petrol,CVT,4.2,385,Convertible,Brown,8,22.8,Low,1,0,0,3,43464.01879618012,112.89355531475356,10.34857590385241
Honda,2012,144941,Electric,Automatic,2.8,107,Wagon,Yellow,4,33.5,Medium,1,1,0,12,16186.9893469014,151.28027427010656,5.781067623893358
Mercedes-Benz,2020,191387,LPG,CVT,1.7,339,Convertible,Orange,12,13.1,Low,1,0,0,4,84139.17076258735,248.19814384244057,49.4936298603455
Toyota,2019,241133,Diesel,Manual,2.1,101,SUV,Blue,6,20.3,Medium,1,1,1,5,13721.772709985644,135.85913574243213,6.534177480945544
Lexus,2014,224760,Hybrid,CVT,3.0,454,Pickup,Black,4,13.8,High,3,0,1,10,36818.11757607389,81.0971752776958,12.272705858691298
Audi,2014,152026,LPG,Automatic,1.6,180,Wagon,Red,8,22.6,Medium,1,0,0,10,23562.14646007242,130.900813667069,14.726341537545263
Tesla,2023,162627,Hybrid,Manual,3.4,118,Pickup,White,8,45.0,Low,1,1,0,1,118063.43999165545,1000.5376270479276,34.72454117401631
Toyota,2015,63353,Diesel,CVT,3.3,369,Convertible,Silver,12,23.9,High,2,0,0,9,27141.05924028462,73.55300607123203,8.224563406146855
Tesla,2017,213262,Electric,Semi-Automatic,3.9,432,Wagon,Red,4,32.5,Medium,1,1,1,7,81265.09792910138,188.1136526136606,20.83720459720548
Kia,2019,176098,Electric,Automatic,4.8,379,Wagon,Yellow,6,27.3,Medium,2,0,0,5,28215.11067356994,74.44620230493388,5.878148056993737
Lexus,2015,100772,Diesel,Manual,4.6,249,Sedan,Blue,4,28.4,Medium,1,1,0,9,34678.7905619496,139.27225125280964,7.538867513467305
Chevrolet,2021,178048,Hybrid,CVT,4.8,375,Sedan,Red,8,48.8,Medium,2,0,1,3,55606.35171223891,148.28360456597042,11.58465660671644
Volkswagen,2010,211650,LPG,Semi-Automatic,2.0,432,Sedan,Blue,6,21.8,High,1,0,0,14,10196.027700610377,23.601915973635133,5.098013850305189
Ford,2017,91502,Diesel,Automatic,1.5,475,Convertible,Silver,8,35.1,High,2,0,0,7,51007.698344027114,107.38462809268866,34.00513222935141
BMW,2017,113943,Petrol,Semi-Automatic,2.2,209,Coupe,Orange,8,26.8,Medium,1,0,0,7,31484.50425173283,150.64356101307573,14.311138296242195
Subaru,2018,109850,Hybrid,CVT,4.6,235,SUV,Orange,4,12.4,High,1,0,0,6,38128.84537370916,162.2504058455709,8.28887942906721
Lexus,2018,45095,Electric,CVT,4.9,153,Convertible,Blue,12,29.6,Low,2,1,1,6,111395.02086748254,728.0720318136114,22.73367772805766
Toyota,2011,145342,Diesel,Manual,4.4,421,Pickup,Blue,8,42.5,High,1,1,1,13,9485.442933612423,22.530743310243285,2.1557824849119145
Audi,2011,161980,Electric,Semi-Automatic,1.4,169,Sedan,Black,4,14.0,Low,1,0,1,13,33586.75360132411,198.7381869900835,23.99053828666008
Subaru,2012,15523,Hybrid,Manual,4.8,146,Wagon,Green,6,12.8,Low,1,1,0,12,24155.09689623248,165.44586915227725,5.032311853381767
Nissan,2010,62433,Electric,Automatic,2.7,315,Convertible,Black,12,16.1,High,1,1,0,14,19313.554084227675,61.31287010865928,7.1531681793435835
Nissan,2013,178140,Diesel,Manual,1.0,279,Wagon,Red,8,40.6,Medium,3,1,1,11,9048.176103052867,32.430738720619594,9.048176103052867
Honda,2023,19991,Hybrid,Automatic,2.8,411,Pickup,Gray,8,39.0,High,1,1,0,1,77188.50915483513,187.80659161760374,27.567324698155407
Subaru,2013,10775,Petrol,CVT,1.2,306,Wagon,Black,6,32.6,Low,3,0,0,11,12541.664179436697,40.985830651753915,10.451386816197248
Audi,2023,208873,Diesel,CVT,3.2,427,Wagon,Red,4,28.7,Low,3,1,1,1,101185.17055531328,236.96761254171727,31.6203657985354
Chevrolet,2018,84995,LPG,Semi-Automatic,2.4,312,Hatchback,White,8,45.5,High,1,1,1,6,32873.73018576866,105.3645198261816,13.697387577403608
Kia,2018,192322,Diesel,Automatic,2.9,345,Coupe,Red,6,40.7,Low,2,0,0,6,21659.34543438521,62.7807114040151,7.468739804960417
Tesla,2018,147745,Hybrid,CVT,3.5,165,SUV,Red,8,42.5,High,2,0,1,6,42101.73054551655,255.1620033061609,12.029065870147585
Honda,2019,122808,Diesel,Semi-Automatic,4.5,181,SUV,Blue,4,42.5,High,1,0,0,5,34924.25809542311,192.95170218465805,7.760946243427358
Nissan,2016,158128,Petrol,Semi-Automatic,3.6,293,Sedan,Brown,12,35.7,Medium,3,0,1,8,13903.749052048715,47.45306843702633,3.8621525144579767
BMW,2023,137686,Petrol,Manual,2.7,187,Hatchback,Yellow,4,28.3,Low,2,0,1,1,36381.99447170531,194.55612016954709,13.474812767298262
BMW,2011,232628,LPG,Semi-Automatic,4.3,244,Convertible,Blue,4,44.6,High,1,0,0,13,17686.722226878886,72.48656650360199,4.113191215553229
Toyota,2019,7415,Electric,CVT,4.6,170,Convertible,Blue,4,47.0,Low,1,0,0,5,85418.6545067863,502.46267356933123,18.56927271886659
Chevrolet,2014,219763,Hybrid,Manual,1.5,271,SUV,Brown,6,11.0,High,3,0,1,10,8216.373977988125,30.318723166007842,5.477582651992083
Volkswagen,2013,246038,Hybrid,Automatic,3.1,414,Coupe,Brown,8,12.1,High,2,1,0,11,16782.50321032864,40.53744736794357,5.413710713009238
Nissan,2021,174956,Electric,Automatic,2.1,165,Wagon,Yellow,12,48.3,Medium,1,0,0,3,60422.810188724405,366.19884962863273,28.772766756535432
Mazda,2020,148036,Petrol,CVT,1.2,301,Pickup,Gray,6,21.1,High,2,1,0,4,15852.044874284562,52.66460091124439,13.210037395237135
Chevrolet,2017,168798,Petrol,CVT,3.7,442,Sedan,White,4,44.9,Medium,1,0,1,7,29089.843326270257,65.81412517255714,7.86211981791088
Kia,2011,37044,Diesel,Manual,4.5,180,Coupe,Black,12,25.6,Low,1,0,0,13,12029.554951620516,66.8308608423362,2.6732344336934477
Tesla,2015,188221,LPG,Manual,1.7,305,SUV,Red,4,14.8,Medium,1,1,0,9,19798.897975505988,64.9144195918229,11.646410573827051
Audi,2022,168616,LPG,CVT,4.2,443,Hatchback,Black,4,13.2,Medium,3,0,1,2,24346.53556396867,54.95831955749136,5.796794181897303
Subaru,2014,49976,LPG,CVT,4.4,139,Sedan,Orange,4,16.3,Low,3,0,1,10,8672.210292675727,62.39000210558077,1.9709568846990289
Nissan,2021,163324,Diesel,Automatic,4.7,329,SUV,Silver,12,20.0,Medium,3,1,1,3,25456.286898261496,77.37473221356078,5.416231254949254
Subaru,2011,3832,LPG,Automatic,2.1,127,Convertible,Gray,8,29.5,Medium,2,1,1,13,10413.06763497785,81.99265854313268,4.958603635703738
BMW,2020,221883,Electric,Automatic,4.6,196,Sedan,Silver,4,38.1,High,3,1,0,4,42754.710764678945,218.13627941162727,9.294502340147597
Audi,2019,211509,Diesel,CVT,2.3,306,SUV,Red,8,49.5,Medium,3,1,0,5,25828.155065186656,84.40573550714593,11.229632637037676
Audi,2010,234821,Electric,Semi-Automatic,3.2,441,Convertible,Brown,12,27.7,High,2,1,1,14,36695.680739346455,83.21016040668131,11.467400231045767
Audi,2017,34148,Diesel,CVT,1.2,482,Pickup,Red,12,30.7,Medium,2,1,1,7,88456.47476450732,183.51965718777453,73.71372897042276
BMW,2011,192312,LPG,CVT,1.2,112,Convertible,White,4,30.9,Low,2,0,0,13,25217.863658469923,225.15949695062432,21.01488638205827
Kia,2016,239241,Electric,Automatic,3.9,123,Wagon,Black,8,31.6,Low,2,0,0,8,17427.011523341425,141.68302051497093,4.468464493164468
Subaru,2018,219526,Electric,CVT,2.8,244,Hatchback,Yellow,8,30.7,Medium,3,0,1,6,32648.84638100539,133.80674746313684,11.660302278930496
Hyundai,2018,112230,Electric,Manual,2.0,447,Wagon,Green,4,10.4,High,3,0,0,6,13386.097636119397,29.94652715015525,6.693048818059698
Subaru,2017,85076,Diesel,CVT,1.8,424,SUV,Green,6,10.1,Medium,2,0,0,7,20827.60814963691,49.12171733404932,11.570893416464951
Mercedes-Benz,2020,208188,Hybrid,CVT,3.7,371,Pickup,Yellow,6,13.9,High,3,1,1,4,58337.983926585344,157.24523969430012,15.767022682860905
Tesla,2023,184531,LPG,CVT,1.0,416,Coupe,Brown,12,14.1,Medium,1,1,1,1,111139.21254694305,267.16156862245924,111.13921254694304
Mazda,2021,38402,Electric,CVT,4.2,423,Pickup,Green,12,38.2,Low,3,0,1,3,87851.93353434785,207.68778613321004,20.917127031987583
Hyundai,2019,188799,Hybrid,Semi-Automatic,1.3,484,Pickup,Brown,6,18.2,Low,1,1,1,5,34122.15301095318,70.50031613833302,26.247810008425525
Tesla,2018,38578,LPG,CVT,1.8,465,Pickup,Blue,6,45.8,High,2,0,0,6,50050.41883690968,107.63530932668749,27.8057882427276
Honda,2011,90453,LPG,Manual,2.5,366,Wagon,White,6,47.1,Medium,2,1,1,13,13938.90587035752,38.08444226873639,5.575562348143007
Chevrolet,2015,153390,Electric,Manual,2.9,443,Coupe,Gray,4,49.0,High,3,0,0,9,18124.74420943726,40.91364381362813,6.249911796357676
Chevrolet,2013,75715,Electric,CVT,2.4,304,Convertible,Black,4,47.6,Low,2,0,0,11,32182.90223720339,105.86480999080062,13.409542598834745
Ford,2023,208859,Diesel,Automatic,2.3,365,SUV,Black,4,20.9,High,3,0,0,1,46783.2500209971,128.17328772875916,20.340543487390043
Chevrolet,2013,111435,Hybrid,Semi-Automatic,4.9,283,Hatchback,Gray,4,30.4,Medium,3,1,1,11,9663.764423571363,34.147577468450045,1.972196821137013
Subaru,2014,216101,Hybrid,CVT,3.6,251,Coupe,Red,4,17.0,High,3,1,0,10,10212.463602092033,40.68710598443041,2.836795445025565
BMW,2021,151538,Electric,CVT,1.1,91,SUV,Red,4,42.2,Medium,3,0,1,3,97922.40675719873,1076.0704039252607,89.02036977927156
Mazda,2012,95742,LPG,CVT,2.7,386,Coupe,Silver,12,45.5,Medium,1,1,1,12,18544.149483053443,48.041838038998556,6.868203512242016
Volkswagen,2023,45475,Electric,Automatic,4.5,200,Wagon,Red,8,44.1,Low,1,0,1,1,69193.86425728483,345.9693212864242,15.376414279396629
Toyota,2010,60142,LPG,Automatic,2.2,323,SUV,Brown,12,27.3,Medium,2,0,0,14,12590.97154223457,38.98133604406988,5.723168882833896
Ford,2017,216232,LPG,Automatic,1.4,231,Wagon,Yellow,8,40.3,Medium,1,1,1,7,31614.07512331157,136.85746806628384,22.581482230936835
Lexus,2014,157636,Electric,Semi-Automatic,4.0,231,Sedan,Blue,12,13.9,Medium,2,0,1,10,26742.68278268669,115.76918953544022,6.685670695671672
Lexus,2012,153484,Petrol,Manual,3.4,267,SUV,Gray,12,11.6,High,2,0,0,12,10368.628231240291,38.833813600150904,3.0495965386000856
Toyota,2019,93526,Hybrid,Semi-Automatic,3.3,474,Coupe,Brown,4,40.1,Low,3,0,1,5,43644.0209627786,92.07599359235992,13.225460897811697
Tesla,2023,51001,LPG,Automatic,1.2,92,Sedan,Brown,4,27.0,High,3,1,0,1,82041.24325142258,891.752644037202,68.36770270951882
Toyota,2016,57649,LPG,Manual,1.6,170,Wagon,Silver,8,49.8,High,3,0,0,8,7380.441217596012,43.414360103505956,4.612775760997508
Toyota,2016,192029,Petrol,Manual,3.5,279,Wagon,Brown,8,13.9,Low,3,0,1,8,10890.005296848787,39.03227704963723,3.1114300848139393
Lexus,2010,166589,Diesel,Automatic,1.8,153,Coupe,White,4,44.2,High,3,0,1,14,14545.152189321056,95.06635417856899,8.080640105178365
Ford,2021,144228,Petrol,Automatic,3.0,335,Sedan,Red,12,29.2,High,3,0,1,3,34388.2238056499,102.65141434522357,11.462741268549966
Honda,2018,154136,Petrol,Semi-Automatic,3.2,355,Pickup,Black,8,43.1,Medium,1,1,1,6,21860.927412654033,61.58007721874375,6.831539816454385
Subaru,2011,25711,LPG,Automatic,2.1,407,Convertible,White,6,42.7,High,2,0,0,13,24529.68276191881,60.26949081552534,11.680801315199433
Audi,2014,30106,Hybrid,Manual,4.8,408,Hatchback,Blue,6,46.6,Low,2,0,1,10,57183.15737427199,140.15479748596076,11.913157786306664
Chevrolet,2022,65458,Petrol,CVT,4.4,150,Coupe,Blue,6,21.9,High,3,1,1,2,67314.40395968736,448.76269306458244,15.298728172656219
Chevrolet,2023,147661,Diesel,Automatic,3.9,157,Wagon,Blue,8,48.0,Medium,1,1,0,1,52094.758611654855,331.81374911882074,13.357630413244834
BMW,2014,220344,Electric,Automatic,1.3,363,SUV,Red,4,16.1,High,3,1,1,10,40338.85363466617,111.12631855279938,31.02988741128167
Ford,2023,130429,Petrol,Semi-Automatic,1.4,209,Sedan,Brown,4,13.3,Low,1,1,1,1,65190.43040299735,311.915934942571,46.564593144998106
BMW,2017,217583,Petrol,Semi-Automatic,3.0,456,Convertible,Blue,4,27.3,Medium,1,1,1,7,61504.257041349316,134.87775666962568,20.501419013783106
Volkswagen,2023,101754,Diesel,Automatic,1.6,122,Hatchback,Gray,8,43.1,High,2,1,1,1,59220.88405970101,485.4170824565657,37.013052537313136
Volkswagen,2017,138286,Hybrid,Manual,4.9,87,SUV,Black,8,28.9,Low,2,0,1,7,17789.759448267392,204.4799936582459,3.630563152707631
BMW,2023,227189,Petrol,Manual,1.6,92,Sedan,Brown,6,43.2,Low,1,0,0,1,23096.795037018084,251.05211996758788,14.435496898136302
Ford,2016,216803,Petrol,CVT,2.9,292,Convertible,Silver,8,39.2,High,2,1,1,8,35217.32912722582,120.60729153159528,12.14390659559511
BMW,2016,241190,Hybrid,Automatic,2.5,190,Coupe,Red,6,18.4,High,1,0,0,8,52733.22169420195,277.5432720747471,21.093288677680782
Chevrolet,2021,126479,Diesel,Semi-Automatic,3.6,370,Convertible,Yellow,6,48.0,Medium,1,1,0,3,60619.4900689981,163.8364596459408,16.83874724138836
Hyundai,2020,158199,Petrol,Manual,1.5,102,Coupe,White,4,12.4,High,1,0,0,4,33655.977859429324,329.9605672493071,22.437318572952883
Mercedes-Benz,2015,136213,Hybrid,CVT,2.7,381,Pickup,Orange,8,45.9,Medium,2,1,0,9,70498.28216255415,185.03486131903978,26.110474875020056
Lexus,2015,28884,Petrol,Automatic,2.1,333,Sedan,White,4,22.2,High,3,1,1,9,34919.64889629141,104.8638104993736,16.628404236329242
Lexus,2020,221493,Electric,Manual,4.6,94,Convertible,Blue,4,30.0,Low,2,0,1,4,46749.58685983436,497.3360304237698,10.162953665181382
Mazda,2018,2708,LPG,Automatic,1.2,209,Hatchback,Black,8,26.9,Low,3,1,0,6,26298.152161425827,125.8284792412719,21.91512680118819
Toyota,2015,18375,Electric,Automatic,4.7,140,Convertible,Silver,8,16.9,Low,2,0,1,9,40380.45497369817,288.43182124070125,8.591586164616633
Mercedes-Benz,2021,15088,Petrol,Manual,4.3,194,Sedan,Brown,12,24.3,Low,2,1,1,3,108508.5036094179,559.3221835537005,25.23453572312044
Subaru,2022,57615,Diesel,Manual,2.2,399,SUV,Gray,6,17.7,Medium,3,1,0,2,53126.2886031314,133.14859299030425,24.14831300142336
Ford,2022,110138,LPG,Manual,4.2,387,SUV,Green,12,18.2,Low,1,0,1,2,65991.99159193378,170.5219420980201,15.712378950460424
Kia,2011,176118,Electric,Automatic,1.1,499,Convertible,White,6,17.5,Medium,3,1,0,13,24427.335550008454,48.95257625252195,22.206668681825867
Mercedes-Benz,2011,10014,Hybrid,Automatic,4.9,404,Convertible,Green,6,29.6,Medium,1,0,0,13,35748.82471441151,88.4871898871572,7.295678513145206
Mazda,2022,195497,Diesel,CVT,3.1,146,Coupe,Brown,6,41.9,Medium,1,0,1,2,20712.325099995924,141.865240410931,6.681395193547072
Volkswagen,2014,134345,Electric,Semi-Automatic,2.2,328,Sedan,Black,4,32.8,High,2,0,1,10,30829.355210055604,93.99193661602318,14.013343277298002
Tesla,2013,178207,Hybrid,Automatic,2.5,254,Coupe,Green,4,45.7,Medium,2,0,1,11,26751.691168158613,105.321618772278,10.700676467263445
Toyota,2020,102842,Petrol,Semi-Automatic,1.3,418,Hatchback,White,8,35.5,High,2,0,0,4,31665.78179309346,75.75545883515183,24.35829368699497
Mazda,2011,161953,Hybrid,Manual,5.0,81,Pickup,Yellow,6,37.6,Medium,2,1,0,13,7306.057216305503,90.19823723833954,1.4612114432611005
Audi,2012,228094,Electric,Automatic,1.2,251,SUV,Orange,6,36.7,High,2,1,1,12,27931.54983501216,111.28107503988909,23.2762915291768
Kia,2016,78077,Electric,CVT,3.6,413,Wagon,Green,6,28.0,High,3,0,0,8,17305.213704688686,41.90124383701861,4.807003806857968
Ford,2017,139784,Petrol,CVT,2.8,363,Wagon,Yellow,4,37.6,Low,3,1,1,7,19930.63347449162,54.905326376009974,7.118083383747007
Toyota,2021,205776,Hybrid,Semi-Automatic,4.8,133,Sedan,Yellow,8,12.8,Medium,3,0,1,3,14136.184449208344,106.28710112186725,2.945038426918405
Subaru,2022,52874,Hybrid,Manual,2.0,146,Sedan,Blue,4,44.4,High,3,1,1,2,67393.12375832265,461.59673807070305,33.69656187916132
Mercedes-Benz,2015,69087,Petrol,Semi-Automatic,3.1,499,Wagon,Orange,12,41.1,Low,2,0,1,9,43232.1018255642,86.63747860834509,13.945839298569096
Volkswagen,2020,12297,Hybrid,Manual,2.9,181,Sedan,Gray,12,19.8,Medium,3,1,0,4,58622.97709549936,323.88385135635,20.214819688103226
Honda,2014,240341,Petrol,CVT,3.8,199,SUV,White,12,40.7,Low,3,0,1,10,14557.793283205796,73.15474011661205,3.8309982324225778
Hyundai,2022,27128,Diesel,Semi-Automatic,1.3,270,Hatchback,Silver,8,10.5,High,1,1,0,2,53352.28627861822,197.6010602911786,41.04022021432171
Audi,2010,68368,Electric,CVT,1.8,488,Hatchback,Brown,12,18.7,Low,2,0,0,14,27731.122606405923,56.826070914766234,15.406179225781068
Kia,2017,225091,Diesel,CVT,1.9,383,Coupe,Silver,8,12.6,Low,3,0,0,7,23550.080028181572,61.48845960360724,12.394778962200828
Hyundai,2012,218671,LPG,Manual,4.0,126,SUV,Green,4,41.2,Medium,3,1,0,12,5000.0,39.682539682539684,1.25
Toyota,2015,219571,LPG,Semi-Automatic,1.8,301,Pickup,Orange,4,40.2,High,3,0,0,9,7104.394146668046,23.60263836102341,3.9468856370378034
Volkswagen,2012,78958,LPG,Semi-Automatic,3.3,100,Sedan,Green,8,42.5,Medium,2,0,0,12,17604.241178633863,176.04241178633865,5.334618538979958
Volkswagen,2016,32920,Petrol,CVT,1.9,237,Sedan,Orange,4,10.2,Medium,3,1,1,8,12650.735602496767,53.37863123416357,6.65828189605093
Mazda,2022,142228,Hybrid,CVT,4.4,427,Pickup,White,4,30.0,Low,1,1,0,2,78968.30026962573,184.93747135743732,17.947340970369485
Lexus,2023,142180,Diesel,Manual,4.8,238,Coupe,Brown,8,38.2,High,2,0,1,1,81339.58051846136,341.76294335487967,16.945745941346114
Lexus,2016,162917,Diesel,Automatic,3.1,456,Coupe,Brown,12,16.2,Medium,1,0,0,8,36865.93029456541,80.84633836527503,11.892235578892068
Mercedes-Benz,2021,133872,Diesel,Automatic,2.4,451,Sedan,White,8,36.0,High,2,0,1,3,50855.1942428962,112.7609628445592,21.189664267873415
Mazda,2018,234686,Diesel,CVT,1.9,489,Sedan,Gray,6,13.4,Medium,3,0,1,6,20703.783391472953,42.339025340435484,10.896728100775238
Chevrolet,2014,173784,LPG,Automatic,1.2,314,Pickup,Yellow,4,17.3,Low,2,1,0,10,17501.161127253017,55.73618193392681,14.584300939377515
Mercedes-Benz,2017,133682,Diesel,Automatic,2.1,229,SUV,Orange,8,29.0,Medium,2,0,1,7,69342.707793038,302.80658424907426,33.02033704430381
Chevrolet,2019,77603,Hybrid,Automatic,3.6,484,Pickup,Red,4,36.1,Medium,2,0,1,5,44204.9104619364,91.3324596321,12.279141794982333
Lexus,2019,33872,LPG,Automatic,3.1,336,Coupe,Red,12,15.8,Medium,1,1,0,5,39047.84455328429,116.21382307525086,12.596078888156223
Mazda,2017,10728,Diesel,CVT,4.8,244,Pickup,Yellow,4,17.4,High,2,1,0,7,25849.98204332486,105.94254935788878,5.3854129256926795
Chevrolet,2010,95102,Petrol,Automatic,2.6,156,Pickup,Green,8,18.2,Low,3,0,0,14,8544.610802999929,54.77314617307646,3.2863887703845878
Audi,2021,226391,Electric,Automatic,3.8,164,Pickup,Orange,12,19.5,High,2,1,0,3,33770.69046554517,205.9188443021047,8.887023806722414
Mazda,2014,122049,Electric,Manual,3.0,125,SUV,Black,12,19.1,Medium,2,1,0,10,10615.182232871693,84.92145786297355,3.538394077623898
Lexus,2012,20583,Electric,CVT,3.1,472,Convertible,Brown,12,25.8,Low,3,1,0,12,41252.597137365854,87.39957020628358,13.307289399150276
Mercedes-Benz,2010,85774,LPG,Semi-Automatic,2.1,480,Sedan,Silver,6,36.2,High,3,0,0,14,26735.789854296097,55.6995621964502,12.731328502045761
Nissan,2013,138335,Diesel,Semi-Automatic,2.8,126,Wagon,Black,8,27.5,Medium,1,0,0,11,15674.243946720586,124.39876148190942,5.597944266685923
Mazda,2017,126374,LPG,Manual,2.9,292,Pickup,Silver,8,41.0,Low,3,0,1,7,13042.07368790261,44.66463591747469,4.497266788931935
Honda,2012,198522,Hybrid,Manual,3.8,138,Wagon,Brown,12,38.8,Low,3,1,0,12,11304.728234777607,81.91832054186672,2.9749284828362126
Kia,2019,220357,Petrol,CVT,4.8,133,Convertible,Red,4,15.1,Medium,3,0,1,5,22248.238435989893,167.2799882405255,4.635049674164561
Lexus,2011,150528,Petrol,Semi-Automatic,2.3,421,Sedan,White,12,12.0,Low,2,0,0,13,16237.117458506631,38.56797496082335,7.0596162863072305
BMW,2020,91118,Electric,Automatic,1.2,91,Coupe,Gray,6,45.1,Low,1,0,0,4,104325.68360833025,1146.4360836080248,86.93806967360854
BMW,2018,65942,Electric,Manual,3.0,271,Wagon,Blue,12,13.2,High,3,1,0,6,59015.03151053468,217.76764395031248,19.671677170178228
Mercedes-Benz,2019,13689,Electric,Semi-Automatic,3.2,85,Coupe,Green,8,15.9,Low,3,0,0,5,70374.39119890826,827.934014104803,21.99199724965883
Mercedes-Benz,2014,164006,Diesel,CVT,1.7,388,Wagon,Yellow,12,10.9,High,3,0,1,10,30718.942990334985,79.17253348024481,18.069966464902933
Hyundai,2023,33276,Hybrid,Automatic,4.0,223,Coupe,Red,4,35.1,High,2,0,1,1,55908.831002762854,250.7122466491608,13.977207750690713
Kia,2016,247421,Hybrid,CVT,4.9,425,Pickup,White,8,33.3,High,2,0,0,8,18289.12333727192,43.033231381816286,3.7324741504636574
Kia,2020,101968,Hybrid,Manual,4.8,340,Wagon,White,4,49.5,High,1,1,1,4,54245.31697804024,159.54504993541246,11.301107703758383
Audi,2020,150945,Hybrid,Semi-Automatic,1.8,152,Coupe,Silver,12,45.5,Low,1,0,0,4,65701.42676248793,432.24622870057846,36.50079264582663
Mercedes-Benz,2011,13050,Electric,Semi-Automatic,4.5,253,Convertible,White,8,26.4,Low,2,0,1,13,75813.78279547181,299.6592205354617,16.847507287882625
Kia,2018,66216,Petrol,Semi-Automatic,3.8,311,SUV,Orange,6,24.9,High,3,1,0,6,38013.95792042974,122.23137594993486,10.003673136955195
Subaru,2022,215516,Electric,Semi-Automatic,2.8,349,Coupe,Green,8,21.9,Low,3,1,1,2,41838.31422837168,119.88055652828562,14.942255081561315
Hyundai,2018,84040,Hybrid,Automatic,3.2,441,SUV,Blue,4,16.1,High,1,1,1,6,55653.32640486111,126.19801905864198,17.391664501519095
Chevrolet,2013,21644,Electric,Automatic,4.4,301,SUV,Red,8,15.5,High,3,1,1,11,19252.173359084336,63.96070883416723,4.37549394524644
Volkswagen,2013,62021,Hybrid,CVT,2.9,131,Sedan,Orange,6,15.3,High,2,1,0,11,29248.729546612085,223.2727446306266,10.085768809176582
Volkswagen,2015,168197,LPG,Automatic,2.5,195,Pickup,Red,6,14.6,Medium,1,0,1,9,11311.647898553952,58.00845076181514,4.524659159421581
Chevrolet,2019,197971,Petrol,Manual,3.0,105,Convertible,Gray,6,19.6,Low,2,1,0,5,19854.221471112567,189.0878235344054,6.618073823704189
Ford,2019,42291,LPG,Manual,3.3,132,SUV,Blue,6,22.3,Low,2,1,1,5,38186.15422191386,289.28904713571103,11.57156188542844
Lexus,2019,166132,Diesel,Semi-Automatic,1.8,444,Hatchback,White,4,48.5,High,3,1,0,5,48783.07316175292,109.87178640034442,27.101707312084958
Hyundai,2015,132610,Electric,Manual,4.6,108,Pickup,Gray,8,33.1,Low,2,0,0,9,13168.418240795745,121.92979852588653,2.8626996175642923
Subaru,2021,167248,Diesel,CVT,3.7,98,SUV,Silver,12,49.5,High,2,0,0,3,42280.39886888162,431.43264151920016,11.427134829427464
Kia,2010,41520,Electric,Automatic,3.5,382,Coupe,Gray,6,24.9,Low,3,0,1,14,26079.67707444069,68.27140595403321,7.4513363069830545
Nissan,2023,25675,LPG,Automatic,1.4,471,SUV,Black,12,28.3,High,2,1,1,1,39559.42729551157,83.99029149790141,28.256733782508263
Hyundai,2023,149359,Hybrid,Automatic,3.4,358,Coupe,Silver,12,23.0,High,3,0,0,1,49253.38015355662,137.57927417194588,14.486288280457831
Mazda,2018,174,Hybrid,Manual,1.5,196,Coupe,Blue,8,17.3,Medium,2,1,0,6,39107.86552586397,199.52992615236718,26.07191035057598
Chevrolet,2011,92268,Electric,Automatic,1.3,185,Hatchback,Green,12,15.7,High,3,1,0,13,11626.040779176825,62.84346367122608,8.94310829167448
Subaru,2014,34998,Hybrid,Semi-Automatic,3.1,498,SUV,Black,12,47.8,Medium,3,0,1,10,40333.581573027695,80.99112765668212,13.010832765492806
Honda,2018,233663,LPG,Semi-Automatic,2.6,388,SUV,Red,4,49.5,Low,1,0,1,6,28442.806469188108,73.30620224017554,10.939540949687734
Tesla,2013,184384,Hybrid,Semi-Automatic,3.4,306,Wagon,Yellow,12,11.8,Low,2,0,1,11,38925.46409003442,127.20739898704058,11.448665908833652
Toyota,2020,143184,LPG,Manual,1.4,431,Pickup,Yellow,8,16.0,Medium,2,1,1,4,43293.56981133372,100.44911789172556,30.923978436666943
Lexus,2012,105410,Diesel,Automatic,2.7,265,Wagon,Black,12,26.9,Low,1,0,1,12,13540.346976808865,51.09564896909006,5.014943324744024
Chevrolet,2016,75225,LPG,Manual,1.7,340,Sedan,Green,8,17.5,Medium,3,0,0,8,9328.188624811275,27.43584889650375,5.48716977930075
Nissan,2015,44814,Petrol,Automatic,4.9,95,Coupe,Orange,6,24.6,Low,3,0,0,9,30326.44403102289,319.2257266423462,6.189070210412835
Kia,2017,85091,Petrol,CVT,3.2,352,Hatchback,Yellow,12,15.2,Medium,1,0,0,7,27210.090578843327,77.30139368989582,8.503153305888539
Nissan,2012,50719,Petrol,CVT,3.7,239,Wagon,Black,12,28.3,Medium,1,0,0,12,8830.222897479222,36.946539319996745,2.386546729048438
Nissan,2014,129887,Electric,Manual,2.3,437,SUV,Blue,12,20.9,High,3,1,1,10,20705.756705778265,47.38159429239877,9.002502915555768
Mercedes-Benz,2019,33919,Electric,Semi-Automatic,1.4,329,Sedan,Brown,6,24.1,Low,3,1,1,5,144235.81456476045,438.4067311998798,103.02558183197175
Mercedes-Benz,2013,73155,Electric,Manual,4.9,303,Hatchback,Green,4,13.8,High,1,0,0,11,27278.230943510658,90.02716483006817,5.56698590683891
Audi,2022,71569,LPG,Semi-Automatic,2.1,335,Convertible,Green,12,27.1,Medium,2,1,1,2,84215.4089844115,251.38928055048206,40.102575706862616
Chevrolet,2013,41328,Electric,Automatic,2.7,259,SUV,Orange,8,49.3,High,3,1,0,11,35338.55669497798,136.44230384161384,13.088354331473326
Audi,2013,201554,Diesel,Semi-Automatic,3.6,99,SUV,Silver,4,23.2,Medium,1,1,1,11,39044.74159636802,394.3913292562426,10.845761554546671
Chevrolet,2019,24618,Petrol,Semi-Automatic,1.1,191,Convertible,White,4,45.1,Low,2,0,1,5,54143.38616739682,283.4732260073132,49.22126015217893
Lexus,2017,34675,LPG,Automatic,4.2,199,Coupe,Yellow,4,43.7,Low,2,1,0,7,56384.352064379316,283.3384525848207,13.424845729614123
Hyundai,2015,232866,Petrol,CVT,3.1,273,Coupe,White,12,48.1,Low,2,0,0,9,9807.142131818784,35.923597552449756,3.1635942360705753
Toyota,2012,18919,Electric,Automatic,2.1,190,Wagon,White,6,41.6,Medium,2,1,0,12,27294.729613964366,143.65647165244403,12.997490292363985
Nissan,2019,4173,LPG,Manual,1.2,289,Wagon,Blue,6,36.4,High,1,0,1,5,18322.600925235856,63.400003201508156,15.268834104363213
Lexus,2014,109369,Hybrid,Manual,1.6,80,SUV,Red,12,44.3,Low,3,1,1,10,43207.586872023596,540.0948359002949,27.00474179501475
Hyundai,2015,26400,Diesel,Manual,4.6,137,Pickup,White,8,13.0,Medium,2,1,1,9,17753.363680103743,129.5865962051368,3.8594268869790747
Tesla,2014,181517,Electric,Manual,3.7,172,SUV,Green,8,28.5,High,2,0,0,10,37026.23816224857,215.26882652470098,10.007091395202316
Volkswagen,2015,70305,Electric,Manual,2.0,300,Wagon,Orange,8,49.6,Medium,1,0,0,9,44228.073231574024,147.4269107719134,22.11403661578701
BMW,2017,168636,Diesel,CVT,1.3,290,Convertible,Orange,12,40.8,Medium,2,1,0,7,26558.820495054864,91.58213963812022,20.429861919272973
Mazda,2016,176886,Diesel,CVT,3.8,311,Wagon,Brown,6,48.5,Low,1,0,1,8,30167.155511222252,97.00050003608442,7.938725134532172
Subaru,2014,210819,Hybrid,Semi-Automatic,3.3,341,SUV,Red,12,41.2,Medium,1,0,1,10,18708.098291816073,54.86245833377148,5.6691206944897194
Chevrolet,2019,88791,Electric,Manual,2.6,443,Hatchback,Silver,6,45.0,Medium,3,0,0,5,28307.429817034197,63.899390106172,10.887473006551614
Tesla,2015,159034,Electric,Automatic,2.5,182,SUV,Green,4,38.3,High,2,0,0,9,27564.47067018984,151.4531355504936,11.025788268075935
Volkswagen,2023,215964,Petrol,Manual,1.9,129,Hatchback,Green,12,40.4,Low,3,1,0,1,31394.839427179137,243.3708482727065,16.523599698515334
Kia,2013,216914,LPG,CVT,3.7,453,Hatchback,Brown,6,30.9,Medium,1,0,1,11,11684.760748334476,25.79417383738295,3.1580434454958044
Ford,2021,70533,LPG,Manual,4.9,189,SUV,Gray,4,47.0,Medium,2,1,1,3,18481.255369665017,97.78441994531755,3.7716847693193913
Toyota,2018,187256,Petrol,CVT,1.7,167,Pickup,Brown,4,43.0,High,1,1,0,6,10060.67064556758,60.24353679980587,5.918041556216223
Subaru,2022,213984,LPG,Semi-Automatic,3.4,99,Pickup,White,12,43.8,Medium,1,0,0,2,40206.445026750494,406.12570734091406,11.825425007867793
Audi,2013,237488,Diesel,Semi-Automatic,2.7,93,Sedan,Black,6,36.9,Medium,1,0,0,11,10769.844260767755,115.80477699750274,3.9888312076917614
Audi,2010,103591,LPG,Semi-Automatic,2.8,212,Wagon,Orange,4,22.2,Medium,2,0,1,14,22364.841608774594,105.4945358904462,7.987443431705212
Hyundai,2016,141650,LPG,CVT,2.0,375,Pickup,Brown,12,11.4,Medium,1,0,1,8,19607.0362215959,52.28542992425573,9.803518110797949
Subaru,2016,131060,Petrol,Manual,4.3,113,Coupe,White,4,47.4,Medium,1,1,1,8,30584.456628626205,270.658908217931,7.112664332238652
Mercedes-Benz,2013,149696,Hybrid,Manual,2.9,459,SUV,Yellow,8,33.4,High,2,1,0,11,44037.34666003486,95.94193172120885,15.18529195173616
Volkswagen,2022,247236,LPG,Automatic,3.2,287,Hatchback,Red,12,21.9,Medium,3,0,0,2,19479.477348460423,67.87274337442656,6.087336671393882
Ford,2023,39194,LPG,CVT,2.2,380,SUV,Green,4,16.0,Medium,1,1,0,1,108072.95747140319,284.40251966158735,49.12407157791054
Tesla,2012,109903,Hybrid,Automatic,1.7,278,Wagon,Gray,12,43.2,Medium,3,0,0,12,21737.37324967939,78.19199010676039,12.786690146870228
Toyota,2017,131461,Petrol,Semi-Automatic,1.3,159,Convertible,Red,12,43.5,Medium,3,1,0,7,17309.6251938097,108.86556725666479,13.31509630293054
Lexus,2014,99303,Hybrid,Manual,3.9,150,Pickup,White,6,42.6,Low,3,1,0,10,16159.467670155822,107.72978446770549,4.143453248757903
Volkswagen,2019,242188,Petrol,CVT,1.8,234,Pickup,Silver,6,35.8,Low,3,1,0,5,31486.006917300332,134.55558511666808,17.49222606516685
Ford,2016,113903,Diesel,Automatic,3.8,157,Pickup,Yellow,4,24.6,Low,3,0,0,8,28889.84232961797,184.01173458355396,7.602590086741571
BMW,2013,67391,Petrol,Automatic,2.6,157,Hatchback,White,12,22.2,Low,3,0,0,11,11625.975845016748,74.05080156061624,4.471529171160288
Chevrolet,2013,237501,Diesel,Automatic,2.7,251,Coupe,Black,12,10.3,High,2,1,0,11,17306.32496450924,68.94950185063442,6.4097499868552745
Lexus,2017,144866,Diesel,Manual,2.9,368,Coupe,Blue,8,43.3,Low,2,0,0,7,35050.36612473828,95.2455601215714,12.086333146461476
Audi,2023,58002,Petrol,Manual,2.5,112,Pickup,White,12,13.5,High,3,0,1,1,109478.17898618984,977.4837409481236,43.79127159447594
Lexus,2017,35531,Electric,Manual,1.4,379,Coupe,Brown,6,35.2,Low,2,1,0,7,56435.0158139072,148.90505491796094,40.310725581362284
Tesla,2011,183887,Petrol,CVT,2.2,355,Convertible,White,12,30.2,High,2,0,0,13,29320.663912048683,82.59341947055967,13.327574505476674
Audi,2023,4986,LPG,Manual,3.7,446,Pickup,Brown,6,31.1,Low,3,0,1,1,106628.2458286026,239.07678436906411,28.81844481854124
Tesla,2011,32298,LPG,CVT,3.7,499,Sedan,Silver,8,47.1,Medium,3,1,0,13,11576.017442872593,23.198431749243674,3.1286533629385387
Hyundai,2012,1481,Electric,Automatic,2.1,86,Hatchback,Green,4,11.3,Low,1,1,1,12,25251.767280684566,293.6252009381926,12.024651086040269
Mercedes-Benz,2021,56408,Diesel,Automatic,2.8,239,Convertible,Orange,6,40.9,Low,2,1,1,3,82797.96371079296,346.4349946058283,29.5707013252832
Tesla,2021,200339,Electric,Semi-Automatic,1.8,319,Hatchback,Blue,4,12.1,Low,3,1,0,3,74704.69313871408,234.18399103045166,41.5026072992856
Audi,2012,121950,LPG,Manual,1.8,103,Pickup,Silver,4,11.5,Medium,2,0,0,12,24778.42638108802,240.56724641833028,13.765792433937788
Hyundai,2010,147907,Electric,Automatic,1.1,293,Convertible,Brown,4,27.2,High,2,0,1,14,18105.469245737077,61.793410395007086,16.459517496124615
Tesla,2023,125355,Petrol,Manual,4.6,149,Pickup,Orange,4,12.5,High,2,1,0,1,37704.303795879496,253.04901876429193,8.196587781712934
BMW,2012,27798,Electric,CVT,1.8,447,Convertible,Black,6,41.6,Medium,1,1,0,12,95500.61423895492,213.64790657484323,53.0558967994194
Lexus,2015,91649,Diesel,Automatic,1.9,295,Pickup,Red,8,31.2,Low,3,0,0,9,23503.253296234125,79.67204507198008,12.370133313807434
Mercedes-Benz,2017,64887,Petrol,Manual,2.1,183,Sedan,Blue,12,11.2,Low,2,0,1,7,45935.39782861007,251.0131028885796,21.873998966004795
Tesla,2022,19477,Hybrid,Automatic,1.5,294,Hatchback,Gray,6,11.6,Low,3,0,1,2,119348.61956898111,405.9476856087793,79.56574637932074
Hyundai,2021,148338,LPG,Automatic,3.6,133,Convertible,Silver,8,34.5,High,2,1,0,3,43469.1726867561,326.8358848628278,12.074770190765584
Kia,2023,217400,LPG,Manual,1.3,373,Sedan,Red,12,42.2,High,3,1,0,1,24861.95007653228,66.65402165290156,19.124576981947907
Volkswagen,2019,217060,Electric,Automatic,1.5,409,SUV,Red,4,27.5,Medium,3,1,1,5,31708.434920811582,77.52673574770557,21.138956613874388
Honda,2015,127815,Petrol,Automatic,3.6,415,Pickup,White,12,32.2,Medium,3,1,1,9,26571.666665403358,64.02811244675507,7.3810185181676
Ford,2014,174598,Hybrid,Automatic,2.4,282,Wagon,White,12,42.0,High,2,0,0,10,13178.159770781045,46.73106301695406,5.490899904492102
Honda,2013,249037,Petrol,Automatic,3.8,367,Convertible,Gray,8,34.4,Low,1,1,0,11,7349.921627573974,20.02703440755851,1.934189901993151
Kia,2012,245687,LPG,CVT,3.2,124,Coupe,Gray,12,19.0,Low,3,1,0,12,10722.399165283518,86.47096101035095,3.3507497391510994
Honda,2022,237942,Petrol,Automatic,2.0,396,Sedan,Brown,4,34.5,Low,1,0,1,2,28899.896272515114,72.97953604170483,14.449948136257557
Kia,2013,127426,Hybrid,Semi-Automatic,3.6,277,Sedan,Gray,6,35.1,Low,3,1,1,11,8356.828594664174,30.169056298426618,2.3213412762956036
Toyota,2023,142961,Electric,Automatic,1.5,295,Convertible,Red,6,39.4,Medium,1,0,0,1,83632.31569116871,283.4993752243007,55.75487712744581
Kia,2016,24335,Diesel,Manual,3.1,388,Sedan,Brown,8,34.8,Medium,3,1,1,8,13727.71381668588,35.380705713107936,4.42829477957609
Kia,2010,142326,Petrol,Semi-Automatic,2.7,463,SUV,Orange,4,48.8,High,1,0,0,14,5626.570908624026,12.15242096895038,2.083915151342232
Nissan,2016,86610,Diesel,CVT,2.1,411,Sedan,Green,4,17.9,Medium,3,0,0,8,12368.271694268278,30.09311847753839,5.8896531877467995
Kia,2010,11442,LPG,Semi-Automatic,3.4,263,Wagon,Green,12,48.0,Low,3,0,0,14,13611.963390749806,51.7565147937255,4.003518644338178
BMW,2011,46289,Electric,Semi-Automatic,4.5,106,Wagon,Green,8,31.5,High,1,1,0,13,47196.69706701575,445.2518591227901,10.488154903781279
Volkswagen,2013,53747,Electric,Semi-Automatic,5.0,245,Pickup,Blue,4,36.9,Medium,3,1,0,11,32757.67487831684,133.7047954217014,6.551534975663368
Chevrolet,2010,37327,Petrol,Manual,3.4,397,Pickup,Blue,4,14.0,Medium,2,1,1,14,10044.716533396004,25.301552980846356,2.954328392175295
Tesla,2020,147271,Electric,Manual,2.6,353,Coupe,Gray,4,25.2,Medium,3,1,1,4,112280.51337322195,318.0751087060112,43.1848128358546
Ford,2021,72827,Petrol,Manual,1.9,462,SUV,Green,6,40.8,Medium,3,1,0,3,41090.607363289346,88.94070857854837,21.626635454362813
Mercedes-Benz,2020,106464,Petrol,CVT,2.0,444,Wagon,Black,6,38.3,Medium,2,1,1,4,77865.76416560051,175.37334271531648,38.932882082800255
Volkswagen,2020,131184,Diesel,Manual,2.9,182,Convertible,White,6,11.6,Low,2,0,0,4,52656.65716075912,289.32229209208305,18.15746798646866
Audi,2018,87051,Electric,Manual,2.5,412,Hatchback,Black,12,31.9,Low,2,1,1,6,60786.53710855014,147.54013861298577,24.314614843420056
Chevrolet,2021,150653,Petrol,Semi-Automatic,4.7,452,Hatchback,Green,12,13.5,Low,1,1,1,3,36193.37436181958,80.07383708367163,7.700717949323315
Toyota,2015,245300,Diesel,Manual,2.5,183,Hatchback,Green,12,49.8,Medium,2,0,1,9,13016.835432291276,71.13024826388676,5.20673417291651
Toyota,2022,59722,Hybrid,Automatic,2.5,493,Pickup,White,4,45.9,High,1,0,1,2,64520.54109444127,130.87330850799447,25.808216437776508
Mazda,2010,92036,Diesel,Manual,2.5,324,Convertible,Green,6,10.8,Low,2,1,0,14,16251.936700223712,50.16029845748059,6.500774680089485
Lexus,2010,228634,Diesel,CVT,4.3,384,Sedan,Silver,4,44.3,Low,1,0,1,14,14095.413086365214,36.70680491240941,3.2780030433407474
Kia,2015,147595,Petrol,CVT,3.6,248,Convertible,Red,4,46.8,Medium,2,1,1,9,14309.592980460242,57.6999716954042,3.974886939016734
Volkswagen,2013,66960,LPG,Automatic,3.5,195,Sedan,Brown,8,24.1,High,2,0,1,11,19039.37927390026,97.63784243025775,5.439822649685788
Hyundai,2013,248709,LPG,CVT,2.3,220,Hatchback,White,4,38.8,Low,3,1,1,11,7474.765200177642,33.97620545535292,3.249897913120714
Nissan,2020,19552,LPG,CVT,4.3,497,Coupe,Green,12,27.7,Low,2,0,1,4,31427.38310481755,63.234171237057446,7.308693745306407
Honda,2015,141880,Diesel,Semi-Automatic,1.2,435,Coupe,Blue,6,36.2,High,3,0,1,9,11172.97199330741,25.684993088063013,9.310809994422842
Audi,2023,235419,Petrol,Automatic,4.5,204,Sedan,Blue,6,23.6,Medium,2,1,1,1,81645.49377472095,400.2230086996125,18.143443061049098
Toyota,2021,203597,Electric,Semi-Automatic,3.1,104,Hatchback,Red,4,22.9,High,2,1,1,3,32948.918633196976,316.8165253192017,10.62868343006354
Ford,2020,154692,Diesel,Semi-Automatic,2.6,273,Convertible,Blue,12,27.0,Medium,3,0,0,4,26973.1672466585,98.80281042732051,10.374295094868653
Toyota,2016,235637,Diesel,Manual,3.0,463,Coupe,Brown,12,15.8,Low,3,0,0,8,12013.807377705414,25.947748115994415,4.004602459235138
Mercedes-Benz,2018,887,Petrol,Automatic,3.7,179,Sedan,Yellow,12,43.2,High,1,0,0,6,68193.46967429057,380.9691043256456,18.43066747953799
Tesla,2019,31802,Hybrid,Manual,1.1,481,Convertible,Yellow,6,23.9,High,3,0,1,5,58642.806805799984,121.91851726777544,53.31164255072726
Toyota,2014,85024,Diesel,Manual,4.5,84,Hatchback,Yellow,12,26.0,Low,1,1,0,10,6577.075319155106,78.29851570422746,1.461572293145579
Mercedes-Benz,2018,226621,Hybrid,Semi-Automatic,2.8,98,SUV,Red,12,45.8,Low,2,0,0,6,62625.562332669026,639.0363503333574,22.366272261667508
Volkswagen,2013,245809,Hybrid,CVT,2.4,249,Hatchback,Red,4,29.9,Medium,3,0,0,11,13084.750110974419,52.549197232828995,5.451979212906008
Volkswagen,2022,118639,LPG,Automatic,1.6,353,Pickup,Brown,8,31.8,Low,3,1,1,2,38103.118185204024,107.94084471729185,23.814448865752514
Nissan,2019,118248,Petrol,CVT,2.8,333,Hatchback,White,12,48.3,Low,2,1,0,5,12719.457048153807,38.1965677121736,4.542663231483503
Lexus,2011,81938,Hybrid,Semi-Automatic,3.0,200,Convertible,Gray,4,45.5,High,2,1,0,13,29834.57746472857,149.17288732364284,9.944859154909523
Mazda,2012,217813,Petrol,Semi-Automatic,2.6,111,Convertible,Yellow,4,16.8,Medium,2,1,0,12,8583.268541744263,77.32674361931768,3.301257131440101
Chevrolet,2022,122746,LPG,Semi-Automatic,3.7,228,Wagon,Blue,12,28.9,Low,2,1,0,2,33661.56431053405,147.63843995848268,9.097720083928122
Toyota,2020,26049,Petrol,Semi-Automatic,2.7,345,Wagon,Black,8,48.9,High,3,1,0,4,29279.75162652825,84.86884529428478,10.844352454269723
Ford,2010,77789,Diesel,Semi-Automatic,4.8,116,Convertible,Gray,6,24.9,Low,2,0,0,14,10925.4214894696,94.18466801266896,2.2761294769728333
Toyota,2023,84526,Hybrid,Semi-Automatic,3.4,256,Convertible,Brown,8,24.9,Low,2,0,0,1,62684.64318134995,244.86188742714825,18.436659759220575
Mazda,2023,138918,Petrol,CVT,4.2,421,SUV,White,12,17.8,Low,3,0,1,1,62434.603692983794,148.30072136100662,14.865381831662807
Subaru,2015,221635,Electric,Manual,1.4,92,SUV,Blue,8,14.6,Low,1,1,0,9,15617.69584425826,169.7575635245463,11.155497031613043
Ford,2022,235808,Petrol,CVT,2.6,262,Hatchback,Green,4,39.6,Medium,3,1,0,2,19449.289787514197,74.23393048669541,7.480496072120845
BMW,2015,46220,Hybrid,Automatic,2.3,224,Pickup,White,4,40.8,High,1,0,1,9,48860.29665675046,218.12632436049313,21.24360724206542
Kia,2010,46163,LPG,CVT,3.3,344,Coupe,Yellow,8,48.8,High,2,0,1,14,13306.125351927916,38.68059695327883,4.032159197553914
Chevrolet,2020,134837,LPG,Semi-Automatic,4.4,167,Pickup,Yellow,6,40.9,Low,3,1,1,4,37194.4538910671,222.72128078483294,8.453284975242523
BMW,2022,117126,Hybrid,CVT,1.3,125,SUV,Green,8,19.7,High,2,1,1,2,84388.97628843573,675.1118103074858,64.91459714495056
Subaru,2012,81486,Diesel,Manual,1.3,471,Hatchback,Brown,12,11.6,Low,3,0,1,12,17002.33842205268,36.098383061682966,13.078721863117446
Subaru,2014,176342,Diesel,Automatic,4.4,198,Pickup,Orange,6,49.4,High,1,0,0,10,10096.793482825198,50.99390647891514,2.2947257915511816
Mazda,2012,75277,LPG,CVT,1.9,98,Sedan,White,8,23.6,Medium,3,0,0,12,14050.419880229867,143.371631430917,7.39495783169993
Toyota,2019,219350,LPG,Manual,3.7,299,Wagon,Green,8,22.5,Medium,2,0,0,5,10592.335515806606,35.425871290323094,2.862793382650434
Mazda,2012,221311,Hybrid,CVT,3.2,312,Pickup,Brown,6,46.2,High,3,0,1,12,6843.457440189045,21.934158462144374,2.1385804500590764
Mazda,2023,104245,Diesel,Automatic,4.3,173,Coupe,Brown,8,33.4,Low,2,1,0,1,34035.00521637729,196.73413419871267,7.915117492180766
Subaru,2019,122332,LPG,CVT,1.5,330,Hatchback,Red,12,18.6,Low,3,0,0,5,15646.818805162575,47.41460243988659,10.43121253677505
Chevrolet,2012,234231,Diesel,Semi-Automatic,1.5,329,Pickup,White,4,45.6,Low,1,0,1,12,12730.425815636263,38.69430339099168,8.486950543757509
BMW,2014,22931,LPG,CVT,3.2,361,Convertible,Blue,12,49.7,Low,3,1,1,10,46045.73844397147,127.55052200546115,14.389293263741086
Honda,2022,89116,Petrol,Manual,4.8,311,Sedan,Orange,8,13.5,Medium,3,0,0,2,38973.75451082657,125.31753862002112,8.119532189755535
Toyota,2014,55633,Electric,CVT,2.7,125,Wagon,Silver,4,44.5,Low,3,1,1,10,12343.604366792644,98.74883493434115,4.571705321034313
Subaru,2013,211774,Petrol,Manual,2.3,453,Sedan,Black,6,25.6,Low,3,1,0,11,10233.31885809032,22.59010785450402,4.449269068734922
BMW,2010,51913,LPG,Automatic,3.4,125,Hatchback,White,12,31.0,Low,1,0,1,14,14865.78036222859,118.92624289782871,4.372288341831938
Lexus,2014,94776,Electric,CVT,4.7,93,SUV,Gray,6,46.6,Low,2,0,0,10,42071.394664246356,452.38058778759523,8.951360566860927
Honda,2019,25991,Electric,Automatic,4.3,164,Wagon,Brown,4,48.9,Medium,3,1,0,5,24057.3127525249,146.69093141783475,5.594723895936023
Honda,2014,185917,LPG,Automatic,5.0,398,Sedan,Red,8,20.5,High,3,1,0,10,6396.341999675653,16.07121105446144,1.2792683999351306
Volkswagen,2013,104092,LPG,CVT,1.1,407,SUV,Green,4,18.5,High,3,1,1,11,17651.069573483714,43.368721310770795,16.046426884985195
Nissan,2015,229577,Diesel,Manual,1.5,82,Coupe,Yellow,4,13.2,Low,1,0,1,9,18500.23845075951,225.61266403365255,12.33349230050634
Toyota,2019,186384,LPG,Automatic,3.4,107,Hatchback,Green,6,32.5,Low,2,0,1,5,19083.725283271353,178.35257274085376,5.612860377432751
Honda,2013,141633,Hybrid,Automatic,4.3,460,Hatchback,Green,12,10.5,High,2,0,1,11,8084.751143255927,17.57554596359984,1.8801746844781224
Subaru,2023,147973,LPG,CVT,2.1,236,Wagon,Orange,4,26.5,Medium,3,0,0,1,24462.151069316646,103.65318249710442,11.64864336634126
Volkswagen,2016,237113,Hybrid,CVT,2.0,422,Sedan,White,8,12.9,Medium,3,0,0,8,13097.407494577068,31.03651065065656,6.548703747288534
BMW,2016,95556,LPG,CVT,4.1,481,Coupe,Green,4,26.2,Medium,2,1,0,8,44643.15143446662,92.81320464546076,10.888573520601614
Lexus,2011,62875,Diesel,CVT,1.2,498,Convertible,Orange,6,11.6,Medium,3,0,0,13,30927.114357101167,62.10263927128749,25.772595297584306
Mercedes-Benz,2012,156989,Hybrid,CVT,2.5,412,Wagon,Silver,12,43.4,Medium,3,0,1,12,24290.134159938778,58.95663631053102,9.716053663975512
Toyota,2010,62120,Petrol,Semi-Automatic,3.0,411,Convertible,Blue,8,18.4,Medium,3,1,1,14,14356.177523503271,34.929872319959294,4.785392507834423
Chevrolet,2017,133060,Hybrid,CVT,3.2,254,Wagon,Silver,6,23.1,Medium,1,0,1,7,32653.384753749524,128.55663288877764,10.204182735546727
Mazda,2018,244817,Diesel,Manual,3.9,193,Sedan,White,4,44.8,Medium,1,0,1,6,12063.050112847586,62.50285032563516,3.093089772525022
Ford,2013,110041,Hybrid,Automatic,2.4,468,Coupe,Yellow,4,39.9,Medium,2,0,0,11,17672.276865116724,37.76127535281351,7.363448693798635
Ford,2015,128467,LPG,Manual,3.5,410,Sedan,Silver,12,18.8,Low,1,1,1,9,18988.577578225333,46.31360384933008,5.425307879492952
BMW,2018,145328,LPG,Manual,3.3,329,Hatchback,Orange,6,12.9,Medium,1,1,1,6,29665.50353298032,90.16870374766056,8.989546525145553
Hyundai,2015,118490,Diesel,Semi-Automatic,3.2,138,Convertible,Orange,6,38.6,Low,2,0,1,9,26226.219308930005,190.04506745601452,8.195693534040627
Hyundai,2023,218800,Electric,CVT,3.6,282,SUV,Black,12,25.6,High,1,0,0,1,54045.96387924516,191.65235418172043,15.012767744234766
BMW,2021,126155,LPG,Automatic,2.0,394,Pickup,Brown,8,40.6,Low,2,0,0,3,47014.13668265071,119.32522000672769,23.507068341325354
Subaru,2021,28230,Petrol,Manual,1.3,318,Hatchback,Gray,6,27.8,High,3,1,0,3,22907.84838888361,72.03725908453966,17.621421837602774
Honda,2021,236538,Diesel,CVT,1.5,313,Hatchback,Gray,12,23.8,Low,2,1,1,3,19415.44100125807,62.03016294331652,12.943627334172048
Nissan,2018,59778,Hybrid,CVT,1.9,382,Convertible,White,6,28.0,High,2,0,0,6,43553.14704425255,114.01347393783391,22.92270897065924
Toyota,2013,45833,Hybrid,Semi-Automatic,3.0,174,Wagon,Brown,12,39.9,Low,2,0,0,11,28884.90790575166,166.00521784914747,9.628302635250554
Ford,2017,22625,Petrol,Semi-Automatic,4.4,220,Hatchback,Black,4,46.1,Low,3,0,0,7,19183.887845665835,87.19949020757198,4.359974510378599
Ford,2018,32088,LPG,Semi-Automatic,3.8,413,Pickup,Red,4,12.0,High,3,0,0,6,49985.10161200033,121.02930172397176,13.15397410842114
Nissan,2013,210722,Diesel,Automatic,4.2,192,Coupe,Green,6,31.0,Medium,3,1,0,11,12768.61457094016,66.50320089031334,3.040146326414324
Honda,2014,172239,Petrol,Manual,2.4,188,Hatchback,Silver,6,11.3,Medium,2,1,0,10,12691.969608800386,67.51047664255525,5.288320670333494
Ford,2023,103937,LPG,Semi-Automatic,2.6,441,Coupe,Brown,4,28.7,Medium,2,0,1,1,76555.86403775272,173.59606357767058,29.444563091443353
Mazda,2017,202363,Diesel,Semi-Automatic,2.6,424,Sedan,Green,8,45.4,Medium,2,1,1,7,23300.434915910057,54.953855933750134,8.961705736888483
Chevrolet,2021,196375,Hybrid,Semi-Automatic,1.8,368,Wagon,Red,12,24.5,Medium,2,1,0,3,41534.225125238474,112.86474218814803,23.074569514021373
Toyota,2019,76361,Diesel,Manual,1.2,176,Coupe,Yellow,8,47.3,Low,2,0,1,5,43414.37045192594,246.67255938594283,36.178642043271616
Tesla,2023,88229,Electric,Manual,3.4,414,Hatchback,Black,8,35.2,Medium,2,0,0,1,71747.26052387577,173.30256165187384,21.102135448198755
Ford,2015,135189,Diesel,Semi-Automatic,5.0,95,Wagon,Green,8,47.4,Low,2,0,1,9,29402.77175013934,309.50286052778256,5.880554350027868
BMW,2021,90265,Electric,Semi-Automatic,1.7,123,Pickup,Black,4,40.3,High,1,0,0,3,110732.92875092902,900.2677134221872,65.13701691231118
Chevrolet,2016,97718,Diesel,CVT,1.2,455,Wagon,Black,6,14.1,Medium,3,1,1,8,24194.578143794886,53.17489701932942,20.162148453162406
Ford,2012,60710,Electric,Semi-Automatic,4.1,309,Coupe,Brown,8,19.2,Medium,1,0,0,12,53931.720200118354,174.53631132724385,13.154078097589842
Kia,2016,225498,Hybrid,Automatic,2.0,469,Coupe,Orange,4,25.8,Medium,3,0,0,8,27880.187360829907,59.44602848791025,13.940093680414954
Lexus,2021,94876,LPG,Automatic,4.3,187,SUV,Blue,12,16.8,Medium,2,0,1,3,67468.54482528829,360.7943573544828,15.690359261694951
Mazda,2023,198126,Electric,Semi-Automatic,3.8,296,SUV,White,6,29.8,Low,1,0,0,1,41361.82629976788,139.73589966137797,10.884691131517863
Chevrolet,2017,30949,Electric,Manual,4.8,478,Wagon,Gray,12,28.9,Low,2,1,1,7,65434.01445278179,136.8912436250665,13.63208634432954
Volkswagen,2019,153619,Hybrid,CVT,2.6,339,Convertible,Black,8,48.3,Low,1,0,0,5,64727.985030974545,190.93800894092786,24.895378858067133
Tesla,2015,212954,Electric,Manual,3.6,391,Convertible,Brown,6,27.3,High,1,0,0,9,52948.84522766448,135.41904150297822,14.708012563240134
Lexus,2019,68136,Petrol,Semi-Automatic,2.9,399,SUV,Brown,8,41.4,Low,2,1,0,5,81661.86221548979,204.66632134207967,28.159262832927514
Audi,2018,111541,Hybrid,Automatic,3.5,275,Hatchback,Green,6,47.7,Medium,1,0,0,6,34585.57987316435,125.76574499332492,9.88159424947553
BMW,2022,247955,Petrol,CVT,2.8,497,Sedan,Green,8,45.1,High,1,0,1,2,31155.294246675126,62.68670874582521,11.126890802383974
BMW,2015,195691,Hybrid,Manual,1.8,174,Wagon,Silver,12,18.3,High,3,0,1,9,28161.37346438466,161.84697393324515,15.6452074802137
Toyota,2021,61842,Electric,Manual,3.0,135,Sedan,Black,12,29.8,Medium,2,1,1,3,22482.448279554977,166.53665392262945,7.494149426518326
Nissan,2018,225875,Petrol,Semi-Automatic,3.1,111,SUV,Blue,8,23.9,Medium,2,0,1,6,20258.829737344626,182.51197961571734,6.535106366885363
Lexus,2022,232930,Electric,CVT,4.2,310,Coupe,White,6,26.0,Medium,1,0,1,2,59477.18324047988,191.86188142090282,14.161234104876161
Chevrolet,2013,26990,Hybrid,Automatic,3.9,451,Pickup,White,12,24.4,Medium,2,0,0,11,16845.360489781524,37.35113190638919,4.319323202508083
Honda,2017,147265,Electric,Semi-Automatic,3.7,88,Wagon,Yellow,6,43.1,Low,3,1,0,7,23822.359331083077,270.7086287623077,6.438475494887318
BMW,2020,30109,Petrol,CVT,1.5,270,SUV,Yellow,6,28.1,High,3,0,1,4,68283.61775718333,252.90228798956787,45.52241183812222
Chevrolet,2013,130356,Petrol,Manual,3.9,440,Hatchback,Silver,12,30.9,Medium,2,0,0,11,7503.6624757286845,17.053778353928827,1.9240160194176115
Subaru,2011,150305,Electric,Semi-Automatic,3.0,279,Pickup,Gray,4,49.3,Low,2,0,1,13,10009.892899217473,35.877752326944346,3.3366309664058242
Chevrolet,2019,244629,Diesel,Manual,4.6,413,Wagon,Yellow,4,12.4,Medium,3,1,0,5,18085.128732902755,43.78965794891708,3.931549724544077
Subaru,2020,212802,Hybrid,Manual,4.7,240,Wagon,Red,6,29.5,Low,2,1,1,4,38356.37477876381,159.81822824484922,8.1609308039923
Kia,2018,128133,Hybrid,Semi-Automatic,1.2,166,Convertible,Silver,12,41.0,Medium,1,0,0,6,45695.21090227654,275.2723548329912,38.07934241856378
Mercedes-Benz,2014,165582,Electric,Semi-Automatic,4.3,100,Coupe,White,4,16.0,Medium,2,0,0,10,28913.055211772888,289.1305521177289,6.7239663283192765
Mercedes-Benz,2013,1306,Diesel,Semi-Automatic,1.2,390,Wagon,White,8,34.5,Medium,1,1,1,11,56406.511594986165,144.63208101278505,47.005426329155135
Audi,2011,3849,Petrol,Semi-Automatic,2.5,155,Coupe,Blue,6,19.6,Low,3,0,0,13,21717.36752937145,140.11204857659,8.68694701174858
Volkswagen,2010,12360,LPG,Semi-Automatic,3.2,465,SUV,Brown,4,44.7,Medium,2,1,1,14,16017.320042282516,34.44584955329573,5.005412513213286
Audi,2020,111072,LPG,Manual,1.6,220,Hatchback,Red,12,23.1,Low,3,1,0,4,57156.29284062966,259.8013310937712,35.722683025393536
Subaru,2016,94767,Electric,Automatic,4.0,205,Pickup,Gray,12,23.2,Low,2,1,1,8,33323.632915118265,162.55430690301594,8.330908228779567
Lexus,2015,176872,Diesel,Automatic,1.0,330,Pickup,Green,6,33.9,High,1,0,0,9,26475.524988696736,80.22886360211132,26.475524988696737
Ford,2011,168035,Diesel,Semi-Automatic,1.7,467,Hatchback,Silver,12,17.3,Low,2,1,1,13,8435.488417182149,18.063144362274407,4.962052010107146
Honda,2017,54330,Hybrid,Manual,3.3,163,Wagon,Yellow,8,21.4,Low,3,1,0,7,37563.14311223844,230.44873074992907,11.382770640072254
Ford,2020,51707,Petrol,Automatic,3.9,450,Wagon,Orange,8,26.7,Low,1,0,0,4,45888.72268200848,101.97493929335218,11.766339149232945
Hyundai,2013,18689,Diesel,Automatic,4.7,127,SUV,Blue,4,24.1,Low,2,0,1,11,18313.994597069453,144.20468186668862,3.8965945951211602
Ford,2017,29084,LPG,Automatic,3.8,458,Convertible,White,12,31.0,Low,3,0,1,7,39234.427957966145,85.6646898645549,10.32484946262267
Toyota,2016,40387,Petrol,Manual,3.7,157,Convertible,Orange,8,34.0,High,3,1,1,8,17603.08582162286,112.12156574282076,4.757590762600772
Ford,2014,74816,Petrol,Semi-Automatic,2.6,109,Convertible,Silver,6,32.7,Medium,2,1,1,10,34690.685504653375,318.26316976746216,13.342571347943606
Audi,2019,2642,Electric,Semi-Automatic,1.0,364,Coupe,Black,12,36.2,High,3,0,0,5,61738.59097792329,169.61151367561342,61.73859097792329
BMW,2019,42137,Diesel,Semi-Automatic,1.5,215,Convertible,Gray,4,22.3,High,1,1,0,5,107957.03315997939,502.1257356278111,71.97135543998625
Mazda,2021,210904,Electric,CVT,3.1,219,Hatchback,Black,6,15.1,Medium,2,0,0,3,31882.191024721367,145.58078093480077,10.284577749910119
BMW,2017,186633,Diesel,CVT,3.7,120,Pickup,Silver,6,40.4,Low,1,0,0,7,23585.151526566107,196.5429293880509,6.374365277450299
Mercedes-Benz,2023,62260,Hybrid,CVT,2.7,361,Pickup,Black,6,44.0,Medium,3,0,0,1,93187.71798914955,258.1377229616331,34.51396962561094
Mazda,2018,146510,Electric,Manual,3.9,129,Coupe,Gray,8,20.3,Low,3,0,1,6,35089.262231472916,272.00978474010014,8.997246726018696
Nissan,2014,48442,Electric,Automatic,3.1,337,SUV,Brown,6,26.3,Medium,3,0,1,10,26091.151458710778,77.4218144175394,8.416500470551863
Honda,2019,103061,LPG,Automatic,1.3,390,Hatchback,Silver,8,29.9,High,1,1,1,5,20313.41184429102,52.08567139561799,15.625701418685399
Honda,2014,134066,Electric,Manual,1.8,439,Pickup,Orange,6,31.3,Low,3,1,1,10,12680.195603549244,28.88427244544247,7.044553113082913
Toyota,2011,125844,Diesel,Manual,4.4,349,Hatchback,Black,8,36.4,High,2,0,1,13,12896.179057925756,36.95180245823999,2.930949785892217
Lexus,2014,244602,LPG,Semi-Automatic,3.9,213,Pickup,Gray,12,11.7,Low,2,1,0,10,23143.808533939147,108.65637809361102,5.934309880497217
Audi,2012,99575,Electric,Semi-Automatic,4.6,313,Sedan,Yellow,8,38.9,Medium,3,1,0,12,49893.003530575304,159.40256719033644,10.846305115342458
Mercedes-Benz,2016,1813,Electric,CVT,1.5,207,SUV,Green,8,12.5,Medium,2,0,1,8,88302.62878378388,426.5827477477482,58.86841918918925
Kia,2019,93027,Hybrid,CVT,5.0,183,SUV,Gray,12,28.7,Medium,1,1,1,5,37843.01823068232,206.7924493479908,7.568603646136464
Hyundai,2014,123489,Electric,Manual,1.8,333,Sedan,Blue,6,43.1,Medium,1,1,1,10,14153.738794806777,42.50372010452486,7.863188219337099
Lexus,2017,84381,Petrol,CVT,1.0,174,Coupe,Green,12,28.0,Medium,3,0,0,7,24100.21170335571,138.50696381238916,24.10021170335571
Honda,2010,249880,LPG,Automatic,5.0,416,Pickup,Yellow,6,16.0,High,2,1,1,14,10464.877898027657,25.155956485643404,2.092975579605531
BMW,2012,55276,Petrol,Manual,2.1,296,Pickup,Red,8,49.4,High,2,1,1,12,35544.27921442081,120.08202437304327,16.925847244962288
Ford,2012,41243,LPG,Manual,3.7,140,Pickup,Orange,6,45.6,Low,3,1,1,12,19465.86718209814,139.04190844355813,5.261045184350849
Ford,2018,193984,Hybrid,Automatic,1.7,347,Convertible,White,8,40.9,High,1,1,0,6,44433.62904490665,128.0508041639961,26.13742884994509
Nissan,2014,60272,Electric,Semi-Automatic,3.3,320,Convertible,Yellow,6,26.5,Low,3,1,1,10,52647.96845105271,164.52490140953972,15.953929833652335
Mercedes-Benz,2021,233772,Electric,Semi-Automatic,4.6,92,Convertible,Brown,8,17.4,Low,2,0,0,3,123697.91339353407,1344.5425368862398,26.890850737724797
Audi,2018,173123,Electric,Automatic,2.3,226,Convertible,Green,8,47.7,High,2,0,1,6,64618.328429413574,285.92180720979457,28.09492540409286
Audi,2022,209926,LPG,Automatic,3.7,319,Convertible,Brown,4,31.3,High,3,0,1,2,49748.70336393391,155.95204816280224,13.445595503765922
Volkswagen,2018,213808,Electric,CVT,1.8,168,Sedan,Green,6,44.1,Low,1,0,0,6,25363.791412407023,150.97494888337513,14.090995229115013
Subaru,2010,65618,Petrol,Manual,3.5,174,SUV,Blue,6,23.7,High,1,0,0,14,8100.776749707655,46.55618821671066,2.3145076427736155
Tesla,2011,1920,Electric,CVT,2.3,394,Coupe,Red,4,23.4,High,3,1,1,13,75848.35165204773,192.50850673108562,32.97754419654249
Honda,2014,106121,Hybrid,Automatic,1.8,372,Hatchback,White,8,49.4,High,2,1,1,10,16954.604927597662,45.57689496666038,9.419224959776479
Audi,2013,208291,Petrol,CVT,2.3,104,Convertible,Blue,8,30.9,Medium,1,0,0,11,26462.306480638916,254.44525462152802,11.505350643756051
Nissan,2019,76872,Electric,Automatic,1.7,351,Sedan,Yellow,4,15.6,Medium,3,0,0,5,46125.43318389741,131.41149055241428,27.13260775523377
BMW,2018,81132,Electric,CVT,4.6,245,Pickup,Brown,4,18.8,Low,2,0,1,6,78379.0356937579,319.9144314030935,17.038920802990848
Mercedes-Benz,2016,2093,Diesel,CVT,2.6,329,Coupe,Green,12,29.3,High,1,1,0,8,55778.818206114745,169.54048086964968,21.45339161773644
Hyundai,2015,12905,LPG,Semi-Automatic,2.0,166,Coupe,Yellow,8,11.7,Low,1,1,0,9,31595.461013827964,190.33410249293954,15.797730506913982
Volkswagen,2016,121759,Petrol,Automatic,2.8,221,Coupe,Gray,12,28.5,High,3,1,1,8,17979.383247439095,81.35467532777871,6.42120830265682
Nissan,2010,155423,Diesel,CVT,2.3,213,Sedan,Red,6,26.8,Medium,2,1,1,14,12304.539886877728,57.76779289613957,5.349799950816403
Chevrolet,2010,30981,Hybrid,Manual,4.0,358,Hatchback,Orange,12,41.2,High,1,1,1,14,20387.4292112657,56.948126288451675,5.096857302816424
Toyota,2017,73903,LPG,CVT,4.9,205,Convertible,Gray,4,24.2,High,3,1,0,7,16896.69634921673,82.42290902056942,3.4483053773911694
Hyundai,2022,70821,Petrol,CVT,2.8,395,Coupe,Brown,4,49.3,High,1,0,1,2,67989.44580009585,172.125179240749,24.28194492860566
Subaru,2022,109200,Electric,Manual,4.4,475,Sedan,Red,4,17.2,Medium,2,1,1,2,57824.66150721189,121.73612948886714,13.141968524366337
Chevrolet,2011,234313,Petrol,Automatic,3.3,220,Pickup,Red,4,33.6,Medium,1,0,0,13,10697.751233943496,48.626141972470435,3.2417427981646956
Kia,2021,82289,Electric,Semi-Automatic,1.6,435,SUV,Yellow,12,13.6,Medium,2,0,1,3,67717.88346187568,155.67329531465674,42.3236771636723
Subaru,2019,116506,LPG,Semi-Automatic,3.8,182,Pickup,Gray,12,39.4,Low,1,1,0,5,29237.925670285804,160.6479432433286,7.694190965864685
Ford,2020,215093,Electric,Semi-Automatic,3.1,305,Sedan,Yellow,12,49.8,High,1,1,0,4,25736.60043503121,84.38229650829905,8.302129172590712
Toyota,2018,78513,Hybrid,Manual,3.6,469,Sedan,Yellow,4,42.8,Medium,3,1,1,6,39173.49852413256,83.52558320710568,10.8815273678146
Honda,2016,150946,Electric,CVT,4.6,142,Sedan,Yellow,4,32.2,Low,1,1,1,8,25837.067648117125,181.95118062054314,5.616753836547201
BMW,2015,182003,Hybrid,Automatic,2.8,373,Coupe,Brown,8,29.4,Medium,2,1,0,9,31236.802114391154,83.74477778657146,11.156000755139697
Toyota,2010,138746,LPG,CVT,4.6,463,Sedan,Green,8,43.4,High,3,1,1,14,11099.263208739825,23.972490731619494,2.412883306247788
Subaru,2010,50516,LPG,Semi-Automatic,4.0,385,SUV,Green,4,47.4,Low,2,1,0,14,18901.947275352923,49.09596694896863,4.725486818838231
Tesla,2011,225646,Petrol,CVT,3.0,333,Coupe,Brown,8,49.6,Medium,2,1,0,13,21334.655482724,64.06803448265465,7.111551827574667
Chevrolet,2015,191758,Hybrid,Manual,3.4,259,Pickup,White,6,25.9,Medium,3,0,1,9,10022.679415971243,38.69760392266889,2.9478468870503653
Honda,2023,225923,Hybrid,Manual,2.3,119,SUV,Orange,6,49.6,Low,2,0,1,1,28517.677214694017,239.64434634196652,12.398990093345224
Mazda,2015,69212,Diesel,Automatic,4.9,343,Wagon,Blue,4,16.2,Low,1,1,0,9,14216.27394658346,41.44686281802758,2.9012803972619308
Tesla,2011,133498,Diesel,Automatic,3.7,268,Pickup,Orange,12,20.1,Low,3,0,0,13,22267.68235139025,83.08836698279944,6.01829252740277
Ford,2010,130970,Diesel,Semi-Automatic,1.2,87,Sedan,Brown,6,13.6,Low,1,1,1,14,17634.661299916417,202.69725632087835,14.69555108326368
Tesla,2019,90009,Electric,Automatic,2.3,183,Convertible,Black,6,20.9,Low,1,0,0,5,47009.96866291943,256.8850746607619,20.439116809964972
Volkswagen,2014,199570,Diesel,CVT,3.5,304,Convertible,Blue,12,40.7,Medium,2,0,0,10,16048.168752554546,52.79002879129785,4.585191072158442
Volkswagen,2014,161015,Hybrid,Manual,1.2,113,Coupe,White,8,44.1,Low,2,1,0,10,27493.845783615467,243.30836976650855,22.911538153012888
Kia,2011,197467,Electric,Manual,1.1,315,Convertible,Silver,12,41.2,Low,1,1,1,13,8556.848548772194,27.164598567530774,7.778953226156539
Subaru,2015,44816,LPG,Manual,2.8,307,Pickup,Blue,8,35.2,High,3,1,0,9,11146.073838088474,36.3064294400276,3.9807406564601693
Mercedes-Benz,2018,4138,Petrol,Automatic,2.3,267,Coupe,Red,8,30.6,Medium,1,0,0,6,96277.07679467928,360.588302601795,41.85959860638229
Hyundai,2011,231800,Diesel,Manual,2.8,392,Pickup,Brown,12,38.3,High,1,0,1,13,10566.9997950782,26.95663213030153,3.7739284982422143
Hyundai,2019,91176,LPG,Manual,2.1,101,Sedan,Silver,8,25.6,Medium,2,1,0,5,22446.3069624575,222.2406629946287,10.688717601170238
Mazda,2011,75945,Hybrid,Manual,1.7,422,Hatchback,Orange,6,43.7,Medium,2,0,0,13,16412.970006364245,38.89329385394371,9.65468823903779
Mazda,2012,4017,Petrol,Semi-Automatic,3.8,119,Hatchback,Silver,4,37.1,Medium,1,1,1,12,11680.780512891444,98.15781943606255,3.073889608655643
Honda,2022,10451,LPG,Semi-Automatic,3.1,252,SUV,Brown,8,37.9,Low,1,0,1,2,70812.19931881306,281.00079094767085,22.8426449415526
Ford,2016,194028,Petrol,Automatic,1.8,258,Sedan,Orange,6,31.4,High,2,1,1,8,8480.487211994581,32.870105472847214,4.711381784441434
Audi,2015,93863,Diesel,Manual,2.3,165,Convertible,Brown,12,45.4,Medium,1,0,1,9,34989.878090220554,212.0598672134579,15.212990474008937
Kia,2021,10278,Hybrid,Automatic,3.4,212,Sedan,Gray,8,20.1,Medium,2,1,1,3,41212.878487115384,194.40037022224237,12.121434849151584
Volkswagen,2017,221552,Petrol,Manual,1.3,430,Wagon,Black,6,25.2,Medium,1,1,0,7,12591.310328828285,29.28211704378671,9.685623329867912
Honda,2017,43764,LPG,Manual,1.6,92,Hatchback,White,8,41.1,High,3,1,0,7,13093.084157389792,142.31613214554122,8.183177598368621
Audi,2015,123030,Diesel,Manual,1.3,107,Convertible,White,12,29.7,Medium,3,0,1,9,39500.75521167691,369.1659365577281,30.385196316674545
Hyundai,2021,132206,Diesel,Automatic,4.2,163,Pickup,Red,4,45.6,High,1,1,0,3,31790.443907303597,195.03339820431654,7.569153311262761
Mercedes-Benz,2020,62943,LPG,Automatic,4.0,397,Pickup,Black,8,23.9,High,2,0,1,4,69328.2017760729,174.63023117398717,17.332050444018225
Tesla,2019,95667,LPG,Manual,4.0,428,Hatchback,Black,4,24.8,Low,1,1,0,5,55269.084816581184,129.13337573967567,13.817271204145296
Volkswagen,2012,54318,Petrol,CVT,3.9,422,Sedan,Red,8,45.5,Medium,1,1,0,12,22440.39285613222,53.17628638893891,5.753946886187749
Honda,2012,103423,Electric,Automatic,3.7,359,Convertible,Orange,8,28.6,Medium,2,1,0,12,22425.814843543016,62.46745081766857,6.061031038795409
Toyota,2010,103998,Diesel,Semi-Automatic,2.9,433,SUV,Red,12,30.6,High,1,0,1,14,11972.322407235004,27.649705328487308,4.128387036977587
Audi,2016,60128,Petrol,Automatic,3.6,342,Pickup,Orange,8,23.3,High,2,0,1,8,39916.79097541426,116.7157630860066,11.087997493170628
Tesla,2014,219128,LPG,Manual,1.2,245,Sedan,Red,6,21.1,Low,1,0,1,10,10877.727582130845,44.398888090329976,9.064772985109038
Volkswagen,2013,21869,Petrol,CVT,3.5,372,SUV,Blue,6,36.2,Medium,2,1,0,11,31484.747968311545,84.6364192696547,8.995642276660442
Hyundai,2019,233540,LPG,Manual,4.1,147,Convertible,Blue,4,14.8,High,1,0,1,5,8557.504640504638,58.214317282344474,2.087196253781619
Nissan,2013,248106,Hybrid,Semi-Automatic,3.0,305,Hatchback,Gray,4,45.2,Medium,3,1,0,11,6631.478614107781,21.742552833140266,2.21049287136926
Ford,2023,5039,LPG,Automatic,2.4,249,Wagon,Green,6,41.2,Medium,2,1,0,1,35617.84481456993,143.04355347216838,14.84076867273747
Audi,2013,152353,LPG,Automatic,2.1,165,Coupe,Red,4,17.6,Medium,3,1,1,11,35073.31666496821,212.56555554526187,16.701579364270575
Hyundai,2015,112935,LPG,Manual,3.6,212,Hatchback,Black,4,37.8,High,2,1,0,9,5559.844095974483,26.225679697992845,1.5444011377706897
Volkswagen,2017,10442,Electric,Manual,3.8,257,SUV,Blue,6,34.1,Medium,2,1,0,7,56933.72808699076,221.5320159026878,14.982560022892306
Audi,2017,73788,LPG,Semi-Automatic,4.5,422,Sedan,Yellow,6,17.4,High,2,0,0,7,22750.09251545236,53.91017183756484,5.055576114544969
Kia,2014,119729,Diesel,CVT,2.4,331,Pickup,Orange,6,20.9,Low,2,0,1,10,22977.369724881053,69.41803542260136,9.573904052033772
Tesla,2015,27586,Diesel,Semi-Automatic,4.1,94,Convertible,Blue,12,26.4,Low,1,1,1,9,83401.46852642269,887.2496651747094,20.34182159181041
Lexus,2013,53053,Petrol,CVT,3.2,302,Hatchback,Blue,12,38.0,High,1,1,1,11,24896.75630365484,82.43959040945312,7.780236344892138
Volkswagen,2021,181561,Electric,Automatic,4.5,458,Pickup,Brown,6,35.5,Medium,2,0,0,3,72709.98985359952,158.755436361571,16.157775523022114
Kia,2023,214176,Petrol,CVT,3.1,280,Pickup,Orange,8,31.3,Low,1,1,0,1,37336.29705125753,133.34391804020547,12.043966790728234
Chevrolet,2020,86346,Diesel,CVT,3.1,186,Wagon,White,6,40.7,Low,2,1,1,4,46601.40005680682,250.5451615957356,15.032709695744137
Honda,2022,67087,Diesel,Automatic,3.3,329,Convertible,Silver,12,40.3,High,2,1,0,2,84006.78053014936,255.339758450302,25.456600160651323
Nissan,2018,143697,Hybrid,Automatic,4.0,488,SUV,Orange,4,34.7,High,3,1,1,6,24487.26135868316,50.17881425959664,6.12181533967079
Mazda,2017,34397,LPG,Automatic,4.9,168,Convertible,Gray,8,41.5,High,2,0,1,7,29649.67514480127,176.48616157619804,6.050954111183932
Tesla,2019,58671,Diesel,Semi-Automatic,1.3,204,Convertible,Brown,8,23.4,High,2,1,1,5,128458.16098281286,629.6968675628082,98.81396998677911
Audi,2021,116214,Petrol,Automatic,1.2,192,Sedan,Orange,4,45.2,High,1,0,1,3,48329.940130520474,251.71843817979413,40.27495010876706
Ford,2019,222857,Petrol,Manual,4.8,216,Coupe,Orange,8,34.6,High,2,0,0,5,36562.19821913294,169.26943619968952,7.617124628986028
Hyundai,2010,66897,LPG,Automatic,3.1,326,Pickup,Green,4,42.9,High,2,0,0,14,11729.209716808387,35.979170910455174,3.783616037680125
Mazda,2011,157221,LPG,Automatic,3.5,245,SUV,Brown,12,31.9,Medium,3,0,0,13,9673.85307652902,39.48511459807763,2.763958021865434
Toyota,2018,191102,Hybrid,Automatic,2.9,229,Sedan,Orange,8,18.7,Medium,1,1,1,6,30882.79891488072,134.85938390777608,10.649241005131284
Hyundai,2017,200978,Electric,CVT,1.4,442,Pickup,Silver,8,31.7,Medium,1,1,0,7,34627.53328458432,78.3428354854849,24.73395234613166
Audi,2023,136355,Petrol,Semi-Automatic,4.1,422,Coupe,Silver,4,24.8,Medium,3,1,1,1,86247.05911814632,204.37691734157897,21.035868077596664
Nissan,2012,138682,LPG,Automatic,4.0,147,Sedan,Yellow,4,37.9,Low,2,0,1,12,5000.0,34.01360544217687,1.25
Subaru,2017,174398,Petrol,Semi-Automatic,2.2,300,Coupe,Brown,12,29.0,Medium,3,0,1,7,27949.570485653927,93.16523495217976,12.704350220751785
Hyundai,2021,14924,LPG,Manual,2.2,350,Coupe,White,4,43.4,Low,1,0,0,3,58953.873027389076,168.43963722111164,26.79721501244958
Subaru,2010,113143,Diesel,Manual,4.4,400,Coupe,Orange,4,37.1,Low,3,1,1,14,16629.503290537632,41.57375822634408,3.77943256603128
Honda,2019,110253,Petrol,Automatic,1.3,389,Sedan,Green,12,37.4,Low,1,1,0,5,20327.756881074343,52.256444424355635,15.636736062364879
Nissan,2013,207234,Diesel,Manual,4.5,493,Convertible,Green,6,18.7,High,3,1,0,11,10562.19881669557,21.42433837057925,2.3471552925990156
Volkswagen,2012,100297,Petrol,Semi-Automatic,2.0,428,Coupe,Black,6,49.4,Low,2,0,0,12,28119.985576805288,65.70090088038619,14.059992788402644
Kia,2015,869,Electric,CVT,3.4,99,Convertible,White,4,43.7,Low,2,0,0,9,17457.768302291235,176.34109396253774,5.134637735968011
Toyota,2016,97088,Hybrid,Automatic,4.7,368,Pickup,Green,12,41.6,Low,1,1,0,8,35645.94382909997,96.86397779646731,7.5842433678936105
BMW,2013,1014,Diesel,Manual,3.7,179,Pickup,Silver,6,23.2,High,3,0,0,11,20570.802683886748,114.92068538484217,5.5596764010504724
Audi,2016,10103,LPG,Semi-Automatic,2.7,331,SUV,Black,12,31.4,Medium,1,0,0,8,43586.620106911745,131.6816317429358,16.143192632189535
Mercedes-Benz,2018,213594,Electric,Semi-Automatic,3.8,156,Wagon,Red,4,15.5,Medium,2,1,0,6,45284.09518053445,290.2826614136824,11.916867152772225
BMW,2020,110317,Petrol,Manual,2.4,214,Convertible,Green,4,31.5,Low,1,0,1,4,50727.73929713131,237.04551073425844,21.136558040471378
Hyundai,2011,227079,Diesel,Semi-Automatic,2.1,471,Pickup,Gray,12,15.8,Low,2,0,1,13,11470.302546237024,24.353083962286675,5.46204883154144
Mazda,2020,164530,Petrol,Semi-Automatic,5.0,491,Wagon,Brown,8,32.1,Medium,1,1,0,4,25248.903144733515,51.42342799334728,5.049780628946703
Audi,2012,221677,Petrol,Automatic,4.0,252,Coupe,Green,4,35.9,Medium,3,0,0,12,17007.686336956107,67.49081879744487,4.251921584239026
Kia,2014,82409,Petrol,Semi-Automatic,3.6,442,Wagon,Blue,4,25.6,Medium,2,0,0,10,15961.694861457412,36.112431813252066,4.433804128182614
Chevrolet,2012,23248,Hybrid,Manual,2.4,280,Wagon,White,4,29.9,Medium,1,0,0,12,28853.7732280194,103.04919010006928,12.02240551167475
Kia,2020,220232,Hybrid,Automatic,1.2,296,Coupe,Blue,4,45.0,Low,2,0,0,4,36461.689078916635,123.18138202336701,30.384740899097196
Mercedes-Benz,2017,174588,LPG,Manual,1.1,455,Convertible,Yellow,12,14.3,Low,3,1,1,7,27164.7616278832,59.702772808534505,24.69523784353018
Toyota,2021,160133,Diesel,CVT,3.2,287,Coupe,Green,12,41.7,Low,2,1,0,3,18784.273157065338,65.45042911869456,5.870085361582918
Kia,2019,155242,Electric,Manual,4.0,153,SUV,Red,12,16.8,Medium,3,0,0,5,28882.213059753074,188.77263437747106,7.220553264938268
Ford,2017,8024,Electric,Manual,3.1,90,Hatchback,Blue,12,11.5,High,2,1,0,7,48940.49807683041,543.7833119647823,15.787257444138842
Chevrolet,2017,213286,Electric,Automatic,4.4,366,Sedan,Blue,8,17.4,Medium,3,1,1,7,21641.485420288514,59.12974158548774,4.918519413701935
BMW,2021,234864,Petrol,Semi-Automatic,1.1,335,Coupe,White,12,40.6,Medium,2,1,1,3,44982.09732459956,134.27491738686436,40.892815749635965
Volkswagen,2021,85947,Hybrid,Manual,2.5,91,Coupe,Black,12,26.2,High,3,0,0,3,60740.1491527611,667.4741665138582,24.29605966110444
Honda,2018,174875,Diesel,Automatic,1.9,459,Wagon,Red,4,44.9,High,1,0,1,6,29178.737934968234,63.57023515243624,15.357230492088544
Ford,2013,150368,Petrol,CVT,2.8,157,SUV,Blue,8,31.0,Medium,1,1,1,11,18138.44689544243,115.53150888816835,6.478016748372297
Lexus,2014,91829,Hybrid,Automatic,1.3,251,Pickup,Orange,4,10.9,High,2,1,1,10,25137.57200891903,100.14968927856187,19.336593853014637
Chevrolet,2014,92708,Hybrid,Automatic,4.8,175,Pickup,Red,8,38.7,High,3,1,1,10,15113.663256466214,86.3637900369498,3.148679845097128
Volkswagen,2017,86664,Diesel,Semi-Automatic,1.9,385,Wagon,Orange,6,14.4,High,1,1,1,7,28163.00853945108,73.15067153104177,14.822636073395305
Volkswagen,2016,149329,Diesel,Manual,4.7,452,Convertible,Green,8,41.6,Medium,2,0,1,8,19858.632976784265,43.9350287096997,4.225241058890269
Audi,2018,143927,Diesel,CVT,2.7,352,Coupe,Blue,8,16.7,Medium,1,1,1,6,99998.99384650026,284.08805070028484,37.03666438759269
Chevrolet,2023,85178,Petrol,Automatic,4.9,498,Coupe,Blue,4,23.8,High,3,0,1,1,29715.918190211483,59.670518454239925,6.06447310004316
Toyota,2017,101121,LPG,Manual,3.2,464,Wagon,Silver,8,40.5,Low,2,0,0,7,23320.136480358284,50.25891482835837,7.287542650111964
Hyundai,2011,20025,Diesel,Manual,4.7,492,Coupe,Silver,8,48.2,High,3,0,0,13,14585.333106534705,29.644985988891676,3.1032623630924903
Mercedes-Benz,2019,135530,LPG,Automatic,1.0,258,Convertible,White,4,24.9,High,3,0,1,5,55266.07494575473,214.2095928130028,55.26607494575473
Lexus,2021,63610,Petrol,Manual,4.0,143,Hatchback,Brown,6,43.2,Medium,3,0,1,3,51560.05309104815,360.55981182551153,12.890013272762037
Mercedes-Benz,2013,70843,LPG,Automatic,4.6,211,Sedan,Brown,6,17.6,Low,1,0,0,11,37876.87459204245,179.5112539907225,8.234103172183142
BMW,2015,107237,Electric,Automatic,1.6,422,Sedan,Black,6,42.3,High,2,0,0,9,74729.05087954282,177.0830589562626,46.70565679971426
BMW,2021,215033,LPG,Automatic,1.4,491,Sedan,White,8,36.3,Low,3,1,1,3,31011.57548616599,63.160031540052934,22.151125347261424
Mercedes-Benz,2011,180903,Diesel,CVT,2.7,351,Hatchback,Brown,4,17.7,Medium,1,0,0,13,12462.184154269471,35.504798160311886,4.615623760840545
Kia,2016,174499,Petrol,Automatic,4.7,398,Coupe,White,6,22.1,Low,3,1,1,8,12651.823513175708,31.7885012893862,2.691877343228874
Toyota,2012,224881,Diesel,Semi-Automatic,3.2,411,Wagon,Blue,6,15.3,Medium,1,1,0,12,8880.135643423548,21.606169448719093,2.7750423885698585
Subaru,2022,130299,Electric,Manual,3.1,420,Pickup,Silver,6,25.3,High,2,1,1,2,58388.1292993304,139.01935547459618,18.834880419138837
Kia,2012,169578,Diesel,CVT,1.6,188,SUV,Silver,6,18.1,Medium,2,1,0,12,15200.278862221588,80.85254713947653,9.500174288888493
Mazda,2020,5668,Diesel,Manual,1.0,352,Coupe,Silver,4,35.8,Low,2,1,1,4,39754.50013849576,112.93892084799931,39.75450013849576
Kia,2011,222542,Diesel,CVT,4.2,247,Hatchback,Brown,6,49.8,Low,2,0,0,13,9380.713558362691,37.978597402278105,2.233503228181593
Honda,2020,178267,Hybrid,Semi-Automatic,1.4,476,Convertible,Red,8,10.5,Low,3,0,0,4,39807.55104084509,83.62930890933842,28.433965029175063
Tesla,2017,73233,Electric,CVT,3.5,259,Hatchback,Gray,8,31.6,High,1,1,1,7,70849.38070035687,273.5497324338103,20.24268020010196
Hyundai,2015,155489,Diesel,CVT,4.7,137,Pickup,Blue,4,32.9,Low,2,1,1,9,10905.740015237052,79.60394171705877,2.320370216007883
Honda,2010,81982,Diesel,CVT,1.8,158,Sedan,Green,12,46.6,Low,3,1,0,14,6346.642008014547,40.16862030388954,3.5259122266747482
Audi,2021,106133,Diesel,Manual,3.7,140,Coupe,White,6,30.2,Low,2,0,0,3,93811.46296213972,670.081878300998,25.35444944922695
Tesla,2010,10751,Petrol,Automatic,1.3,448,Pickup,Silver,6,31.7,Medium,2,1,1,14,18196.82826562337,40.617920235766455,13.997560204325671
Tesla,2016,46218,Hybrid,Manual,3.4,200,Sedan,Silver,8,28.9,Low,2,0,0,8,52910.28845814115,264.5514422907057,15.561849546512102
Chevrolet,2017,126649,Petrol,Automatic,1.7,286,SUV,Silver,4,20.8,Medium,1,0,0,7,28218.29950230782,98.66538287520216,16.598999707239894
Toyota,2014,7352,Hybrid,Manual,3.9,113,Convertible,Blue,12,12.2,Low,1,1,0,10,41398.54161848651,366.35877538483635,10.615010671406797
Toyota,2021,210124,Diesel,Semi-Automatic,2.2,149,Sedan,Silver,8,26.3,Medium,1,0,0,3,29101.92752402267,195.3149498256555,13.22814887455576
Tesla,2020,88835,Electric,Semi-Automatic,2.9,96,SUV,Black,12,12.1,Medium,2,0,0,4,67526.51912942079,703.4012409314665,23.285006596351998
Mazda,2014,97493,LPG,CVT,3.4,99,Hatchback,White,4,32.0,High,3,0,1,10,11709.601700118264,118.27880505169963,3.4440005000347838
Kia,2013,28927,LPG,Semi-Automatic,1.7,394,Sedan,Blue,4,22.3,High,3,1,0,11,7330.492132567085,18.605309981134734,4.312054195627697
Chevrolet,2023,172166,Diesel,CVT,4.0,148,Sedan,White,4,31.3,Medium,3,1,0,1,31551.985740372493,213.18909284035468,7.8879964350931235
Hyundai,2015,101948,Petrol,Automatic,2.2,294,Wagon,Orange,8,15.4,Medium,2,1,1,9,9454.129782462851,32.156904021982484,4.297331719301296
Tesla,2023,185194,Electric,Semi-Automatic,3.6,240,Convertible,Yellow,4,47.3,High,1,1,1,1,124629.9669286215,519.2915288692562,34.61943525795042
Ford,2015,29493,Hybrid,Automatic,1.6,181,Convertible,Black,8,45.8,Medium,3,1,1,9,22709.504786659585,125.46687727436235,14.19344049166224
BMW,2012,223319,Diesel,Manual,3.8,455,Pickup,Red,8,17.6,High,2,1,1,12,29600.382804818244,65.05578638421592,7.789574422320591
BMW,2018,204611,Electric,Automatic,1.5,285,Hatchback,Red,6,23.7,High,2,1,1,6,47841.06034505532,167.86336963177305,31.89404023003688
Honda,2021,31707,Electric,Manual,2.7,224,Wagon,Gray,8,34.5,Low,3,1,0,3,73888.56977640669,329.8596865018156,27.3661369542247
Audi,2020,199886,Hybrid,Automatic,2.0,136,Pickup,Black,8,13.8,Low,3,0,0,4,26819.35993896908,197.20117602183146,13.40967996948454
Nissan,2023,138368,Electric,Automatic,4.0,162,SUV,White,6,24.2,High,2,1,0,1,69364.01624510174,428.17293978457866,17.341004061275434
Nissan,2016,156470,Petrol,Semi-Automatic,2.0,464,Pickup,Red,12,20.0,High,3,0,1,8,15142.26985881761,32.634202281934506,7.571134929408805
BMW,2010,35842,Petrol,Automatic,4.5,348,SUV,Yellow,6,46.6,Medium,2,0,1,14,27373.61921233217,78.6598253227936,6.083026491629371
Subaru,2022,13261,Petrol,Semi-Automatic,4.6,490,Hatchback,Red,6,44.1,High,3,1,1,2,63736.7854514485,130.0750723498949,13.855822924227935
Volkswagen,2016,76709,Electric,Semi-Automatic,1.8,266,Convertible,Silver,4,33.2,High,1,0,0,8,74391.3598853393,279.666766486238,41.32853326963295
Honda,2014,95985,Petrol,CVT,3.5,85,SUV,Gray,4,30.8,Low,2,0,0,10,11691.626749748486,137.54854999704102,3.3404647856424248
Nissan,2014,106616,Hybrid,CVT,1.4,432,Hatchback,Blue,6,47.2,High,1,1,0,10,29590.20870655868,68.49585348740435,21.135863361827628
BMW,2023,187776,Electric,Manual,2.6,429,Pickup,Green,4,47.3,Medium,3,0,0,1,104803.96657243454,244.2982903786353,40.30921791247482
Audi,2022,67173,LPG,Automatic,3.9,189,SUV,Green,6,48.8,High,2,1,0,2,117027.62042540517,619.1937588645776,30.0070821603603
Nissan,2011,31781,Electric,Manual,3.6,486,Coupe,Red,4,15.0,Low,3,0,0,13,24058.773862827995,49.503649923514395,6.682992739674443
Kia,2013,13652,Hybrid,Automatic,3.5,217,Sedan,White,8,16.4,Low,2,0,1,11,29643.49525305448,136.60596890808517,8.46957007230128
Kia,2021,5103,LPG,CVT,2.1,130,Pickup,White,4,37.1,Low,3,1,0,3,47104.09741957732,362.3392109198256,22.430522580751106
Toyota,2015,25500,Electric,CVT,2.5,482,Convertible,Silver,4,31.7,Low,1,0,0,9,26935.956439305697,55.88372705250145,10.774382575722278
Mazda,2019,246404,Petrol,Automatic,1.4,130,Pickup,Red,8,10.7,High,1,0,0,5,14253.080167133608,109.63907820872006,10.180771547952578
Toyota,2020,100336,Diesel,Automatic,3.9,166,Coupe,Red,6,12.5,Medium,3,1,0,4,26205.0146193889,157.86153385174038,6.719234517792026
Hyundai,2016,166601,Diesel,CVT,3.0,147,Hatchback,Green,4,45.5,Medium,1,1,0,8,13418.52056537867,91.28245282570525,4.472840188459557
Tesla,2020,113499,Petrol,CVT,3.8,163,Hatchback,Orange,4,44.8,Medium,1,0,1,4,58051.97028365932,356.14705695496514,15.276834285173505
Ford,2014,149524,Diesel,Manual,2.0,121,Pickup,Red,8,24.3,High,3,0,0,10,19356.874878468636,159.97417254932756,9.678437439234317
Toyota,2018,49393,Diesel,CVT,2.3,298,Coupe,Blue,8,45.6,High,2,1,0,6,46570.8897250733,156.2781534398433,20.248212923944912
Lexus,2012,162246,Petrol,Automatic,2.3,136,Pickup,Gray,8,33.7,High,3,0,1,12,14330.243350822748,105.36943640310844,6.2305405873142385
Nissan,2010,195522,Petrol,Manual,1.1,305,Sedan,Gray,12,42.2,Medium,2,1,1,14,5000.0,16.39344262295082,4.545454545454546
Subaru,2013,166508,Electric,Automatic,2.4,275,Sedan,Blue,8,27.1,High,1,1,0,11,14816.282816096747,53.87739205853363,6.173451173373644
Chevrolet,2018,47406,Electric,Semi-Automatic,4.2,327,Wagon,Orange,6,14.5,High,1,1,0,6,67301.42749317762,205.81476297607833,16.02414940313753
BMW,2013,63059,Petrol,Manual,4.6,245,SUV,White,4,27.3,Low,1,0,0,11,20561.920174126953,83.92620479235491,4.4699826465493375
Chevrolet,2011,147026,Hybrid,Automatic,3.1,141,Wagon,Green,4,28.3,Low,1,0,0,13,10076.646679695981,71.46557928862399,3.2505311869987037
Lexus,2019,82722,Diesel,CVT,2.8,342,Sedan,Gray,12,32.0,Medium,1,0,0,5,46308.88628678646,135.40610025376156,16.538887959566594
Audi,2023,12356,Electric,Semi-Automatic,1.1,191,Coupe,Black,4,14.2,Low,2,1,1,1,95506.1637777713,500.0322710878079,86.82378525251937
Toyota,2023,128128,Diesel,Automatic,4.5,332,SUV,Yellow,4,49.7,Low,2,0,1,1,36550.39622983756,110.09155490914928,8.122310273297236
Ford,2014,229571,LPG,Manual,1.1,278,Coupe,Green,6,19.8,Low,2,1,0,10,8429.692019894515,30.322633165088185,7.663356381722287
Audi,2012,2187,Petrol,Automatic,4.8,257,Wagon,Orange,4,17.9,High,3,0,0,12,44941.469138926914,174.86952972345102,9.362806070609773
Volkswagen,2022,77243,Hybrid,Semi-Automatic,3.0,105,Hatchback,Black,6,31.1,Low,1,1,1,2,34488.90417506094,328.4657540481994,11.49630139168698
Volkswagen,2021,35098,LPG,Manual,2.4,489,Coupe,Red,12,31.5,Low,1,1,1,3,78653.17165681372,160.844931813525,32.77215485700572
Chevrolet,2022,223543,LPG,Semi-Automatic,4.7,325,Wagon,Blue,6,27.6,Low,1,0,0,2,18077.71610223872,55.62374185304221,3.8463225749444083
Tesla,2018,152297,LPG,Automatic,1.1,98,Wagon,Red,8,40.9,High,3,1,0,6,49638.21582712238,506.512406399208,45.125650751929435
Honda,2013,134678,Petrol,CVT,3.3,344,Wagon,Silver,8,30.7,Medium,3,0,0,11,14674.142880340558,42.65739209401325,4.446709963739563
Tesla,2015,57620,Electric,CVT,3.2,396,Hatchback,Brown,12,34.4,High,3,0,0,9,64030.298071081954,161.6926718966716,20.00946814721311
Nissan,2011,163900,Petrol,Automatic,1.9,99,Hatchback,Blue,4,38.9,High,1,0,0,13,11076.253107710978,111.88134452233311,5.829606898795252
Lexus,2015,126270,Electric,Automatic,2.7,185,Pickup,Black,6,11.0,Low,2,0,0,9,41882.989076311016,226.3945355476271,15.512218176411487
Kia,2012,157561,LPG,Automatic,3.6,316,Hatchback,Yellow,8,32.8,Medium,3,0,1,12,12385.80915288967,39.19559858509389,3.4405025424693525
Hyundai,2021,14387,LPG,Manual,3.9,385,SUV,Brown,6,45.4,Low,3,1,1,3,39047.33210102823,101.42164182085254,10.012136436161084
Tesla,2021,69463,Hybrid,Semi-Automatic,1.0,325,Hatchback,Silver,8,10.7,Low,2,0,1,3,100575.77955716217,309.4639370989605,100.57577955716216
Mazda,2018,202904,Electric,Semi-Automatic,4.7,160,Hatchback,White,6,26.2,Medium,3,1,1,6,18925.57457116684,118.28484106979275,4.026717993865285
Hyundai,2020,227052,LPG,Semi-Automatic,1.7,229,Hatchback,Silver,4,47.0,Medium,2,0,0,4,19555.831769086875,85.39664527985535,11.503430452404045
Lexus,2011,242998,Diesel,Automatic,1.9,476,Coupe,Brown,12,24.1,High,1,1,1,13,25846.402691548865,54.29916531837997,13.603369837657297
Hyundai,2021,243501,Hybrid,Semi-Automatic,2.1,475,Hatchback,Gray,4,28.3,Medium,2,1,1,3,14904.644880854277,31.3781997491669,7.097449943263942
Ford,2021,133663,Petrol,Automatic,1.2,89,SUV,Green,6,49.3,High,2,0,0,3,41021.79096190284,460.91899957194204,34.1848258015857
Toyota,2018,241503,Hybrid,Manual,1.5,400,Wagon,Orange,8,18.0,High,1,1,1,6,33062.56364039539,82.65640910098847,22.04170909359693
Ford,2014,179588,Diesel,CVT,4.9,303,Coupe,Red,8,12.6,Low,3,0,0,10,27172.61981402936,89.67861324762166,5.545432615108033
Hyundai,2017,91683,Electric,Automatic,2.3,493,Sedan,White,12,44.4,Low,1,0,0,7,45683.57102316833,92.66444426606152,19.862422183986233
Audi,2011,62061,Petrol,Automatic,1.5,343,Hatchback,Orange,4,44.7,Low,3,0,1,13,16101.851313781644,46.944172926477094,10.734567542521097
Volkswagen,2015,235497,Petrol,CVT,1.4,228,Pickup,Silver,4,28.9,Medium,3,1,1,9,12549.679124192578,55.04245229909026,8.964056517280413
Hyundai,2012,197808,Electric,CVT,3.9,357,Pickup,Yellow,4,30.6,Medium,2,1,1,12,15289.568617581373,42.82792329854726,3.9204022096362494
Ford,2021,81257,Hybrid,Manual,4.4,353,Wagon,Red,8,43.4,High,1,1,0,3,41757.99028239738,118.29459003512007,9.490452336908495
Subaru,2021,61753,LPG,Semi-Automatic,2.0,273,Wagon,White,12,39.5,High,2,1,1,3,37781.84049025409,138.39502011082087,18.890920245127045
Lexus,2023,84774,Hybrid,Automatic,1.1,251,Coupe,Orange,8,20.6,High,1,0,0,1,116047.77841624343,462.3417466782607,105.49798037840311
Audi,2019,142159,Diesel,Semi-Automatic,1.9,344,Pickup,Red,4,10.7,Medium,1,0,1,5,43826.0104308058,127.40119311280756,23.066321279371472
Ford,2014,161888,LPG,Automatic,1.2,389,Sedan,Red,6,29.2,High,2,1,0,10,12149.02656065341,31.231430747181005,10.124188800544509
Tesla,2021,23408,Hybrid,Manual,1.4,105,Convertible,White,8,44.4,High,3,1,1,3,63069.36039712724,600.6605752107356,45.04954314080517
BMW,2017,124116,Electric,CVT,2.7,429,Pickup,Black,12,45.8,Medium,3,0,1,7,77468.37798601303,180.57896966436604,28.691991846671492
Chevrolet,2019,236348,Diesel,Manual,1.9,435,Pickup,Green,4,48.2,Low,1,1,0,5,20386.360810732866,46.86519726605256,10.729663584596246
Honda,2023,131208,Diesel,CVT,3.1,105,SUV,Black,6,45.2,Medium,3,0,1,1,28513.7315184033,271.55934779431715,9.197977909162354
Kia,2010,17413,Diesel,Semi-Automatic,2.0,113,Convertible,Red,8,33.2,High,2,1,1,14,16162.916596884406,143.03466014941952,8.081458298442204
Ford,2014,113650,LPG,Semi-Automatic,4.8,343,Wagon,Brown,6,27.8,Low,2,1,0,10,10604.565102520213,30.91709942425718,2.209284396358378
Mazda,2012,59500,Petrol,Manual,4.6,217,Convertible,Blue,6,41.0,Medium,2,1,1,12,25020.44094743393,115.30157118633147,5.439226292920419
Honda,2013,84514,LPG,CVT,3.3,383,Pickup,Brown,12,39.6,Low,1,0,1,11,13653.956375737307,35.6500166468337,4.137562538102214
Lexus,2011,56358,Hybrid,Manual,2.4,262,Wagon,White,8,31.5,Low,1,0,0,13,34431.08765728079,131.41636510412516,14.346286523866995
Subaru,2018,66197,Petrol,CVT,2.5,442,Convertible,Red,12,13.5,High,3,1,1,6,41369.834492828166,93.59691061725829,16.547933797131265
Mercedes-Benz,2012,231848,Hybrid,CVT,2.6,321,Wagon,Red,4,47.0,Medium,2,1,0,12,38505.80465773046,119.95577774993913,14.80992486835787
Ford,2011,223861,Petrol,Semi-Automatic,3.9,133,Wagon,Yellow,6,28.2,High,2,1,1,13,6898.743333507511,51.870250627876025,1.768908547053208
BMW,2019,223492,LPG,Semi-Automatic,2.8,247,Coupe,Green,12,24.5,Medium,1,1,1,5,31715.076697874058,128.40112023430794,11.326813106383591
Honda,2020,163926,Diesel,CVT,4.4,198,Sedan,Yellow,12,35.2,Medium,1,1,0,4,33742.38948976827,170.41610853418317,7.668724884038243
Kia,2018,76240,Electric,CVT,4.8,222,Wagon,White,4,37.0,Medium,1,1,1,6,28147.60449047237,126.79101121834401,5.86408426884841
Hyundai,2016,235595,Diesel,CVT,2.3,160,SUV,Gray,8,18.4,Low,2,1,0,8,15775.4354662372,98.5964716639825,6.858884985320522
Ford,2015,221135,LPG,Semi-Automatic,3.2,324,Pickup,Black,12,43.5,Low,2,1,0,9,14138.555452653227,43.637516829176626,4.418298578954134
Toyota,2010,16322,Petrol,Semi-Automatic,1.4,481,Pickup,Yellow,6,21.6,High,3,0,1,14,18203.021373254614,37.844119279115624,13.002158123753295
Subaru,2014,113053,Diesel,Automatic,1.8,431,SUV,White,6,17.5,Medium,2,0,0,10,32865.9911401405,76.25519986111485,18.25888396674472
Lexus,2021,6968,LPG,CVT,2.7,437,Hatchback,Black,6,26.3,Medium,3,0,1,3,77999.65581610323,178.48891491099138,28.888761413371565
Chevrolet,2020,27518,Hybrid,Automatic,1.8,486,Wagon,White,6,39.2,Low,3,0,0,4,45136.29150519622,92.87302778846959,25.07571750288679
BMW,2023,51925,Electric,CVT,4.5,141,Wagon,Gray,12,48.6,Medium,2,1,1,1,111901.26001190329,793.625957531229,24.86694666931184
Nissan,2020,190920,Diesel,Semi-Automatic,1.6,125,Wagon,Green,6,42.4,High,3,0,1,4,34701.10757914701,277.60886063317605,21.68819223696688
Nissan,2012,111900,Petrol,Automatic,2.8,166,Convertible,Green,12,47.6,Medium,3,0,0,12,19806.69118221685,119.31741676034248,7.073818279363161
Mazda,2010,93422,Hybrid,Automatic,3.4,178,Wagon,White,8,15.6,Medium,1,1,1,14,7950.0088019882405,44.66297079768675,2.338237882937718
Honda,2013,1700,LPG,Manual,3.8,374,Wagon,Yellow,6,12.8,Low,2,0,1,11,18345.199595117745,49.051335815822846,4.827684103978354
BMW,2022,93782,Electric,CVT,2.5,478,SUV,Green,8,32.3,Medium,3,0,1,2,86241.09483861216,180.42070049918863,34.49643793544487
Audi,2011,232076,Petrol,Semi-Automatic,4.5,132,Sedan,Blue,12,21.6,High,3,0,0,13,18048.95757663931,136.73452709575236,4.010879461475402
Kia,2011,23199,LPG,Manual,3.3,271,Sedan,Yellow,4,43.1,High,3,0,1,13,6066.250519776379,22.384688264857488,1.8382577332655696
Chevrolet,2012,175661,LPG,Manual,2.8,159,Hatchback,Orange,8,36.9,High,2,0,1,12,7811.9335680489885,49.13165766068546,2.78997627430321
Hyundai,2017,163187,Diesel,CVT,1.3,95,SUV,Silver,6,48.8,High,1,1,0,7,21912.12214493443,230.65391731509928,16.855478573026485
Ford,2017,193006,Diesel,Manual,2.9,439,Wagon,White,4,20.2,Low,1,1,1,7,36995.95548257659,84.27324711293072,12.757226028474685
Ford,2021,247407,Petrol,CVT,4.3,405,Sedan,White,8,29.4,Medium,2,1,0,3,36288.86020088068,89.6021239527918,8.439269814158298
Nissan,2016,185388,LPG,Manual,3.5,273,Coupe,White,12,30.0,Low,2,0,0,8,11464.431224743073,41.99425357048745,3.275551778498021
Ford,2015,5520,Diesel,CVT,4.3,220,Coupe,Gray,12,19.6,High,2,0,1,9,37856.43901477215,172.07472279441888,8.803823026691198
Lexus,2018,109814,Electric,Semi-Automatic,3.0,187,Coupe,White,12,33.6,Medium,2,0,0,6,87552.41862902758,468.19475202688545,29.184139543009195
Chevrolet,2013,167527,Electric,CVT,1.5,382,Wagon,Green,8,27.7,Low,1,1,1,11,29385.746888176076,76.92603897428292,19.590497925450716
Toyota,2021,246356,LPG,CVT,1.1,344,Wagon,Green,12,27.9,Medium,3,0,1,3,25732.69139116138,74.80433543942262,23.39335581014671
Mercedes-Benz,2010,217537,Diesel,Automatic,2.2,369,Hatchback,Silver,8,24.5,High,3,0,1,14,20539.51588817346,55.66264468339691,9.33614358553339
Mazda,2017,123364,Petrol,Semi-Automatic,3.8,288,Pickup,Silver,6,10.7,High,2,0,0,7,17706.243264568646,61.4800113353078,4.659537701202275
Volkswagen,2016,172677,Petrol,Semi-Automatic,4.2,492,Hatchback,Brown,6,30.9,Medium,2,0,0,8,21083.959227325515,42.853575665295764,5.019990292220361
Tesla,2016,14955,Petrol,Semi-Automatic,2.2,244,Hatchback,Yellow,8,23.4,Medium,3,1,1,8,27472.451996326487,112.59201637838724,12.487478180148402
Mazda,2012,175121,Electric,Manual,3.0,421,Convertible,Green,8,10.1,High,1,1,1,12,20637.95744748707,49.02127659735646,6.879319149162357
Honda,2013,144989,Diesel,Automatic,2.7,450,Coupe,Green,4,22.3,Low,2,0,0,11,25917.76239260673,57.59502753912607,9.599171256521013
Toyota,2019,201365,Diesel,Semi-Automatic,2.6,399,Wagon,Gray,12,21.1,High,2,1,1,5,12344.46111956139,30.938499046519777,4.747869661369766
Mazda,2018,209653,Electric,Manual,1.9,231,Coupe,Green,6,25.7,Medium,1,1,0,6,28250.039457611885,122.29454310654496,14.868441819795729
Hyundai,2015,64925,Petrol,Manual,1.5,369,Hatchback,Green,6,15.3,Low,1,1,0,9,10961.271623801555,29.705343153933754,7.307514415867703
Nissan,2014,107216,Petrol,Manual,1.8,347,Wagon,Brown,4,30.3,High,1,0,1,10,11370.500408191265,32.768012703721226,6.316944671217369
Subaru,2012,70269,LPG,Automatic,1.2,230,SUV,Blue,8,37.7,Medium,2,1,1,12,24071.05634977729,104.65676673816213,20.059213624814408
Honda,2018,162026,Hybrid,Manual,1.8,286,Sedan,Brown,8,35.2,Medium,1,1,1,6,29634.91925547065,103.61859879535193,16.46384403081703
Ford,2014,227743,Diesel,Automatic,1.0,334,Sedan,Blue,4,42.2,Medium,2,0,0,10,8421.45427522553,25.21393495576506,8.42145427522553
BMW,2014,203689,Diesel,CVT,3.5,432,Hatchback,Brown,12,28.1,Low,2,1,0,10,22775.86081858396,52.72190004301842,6.507388805309702
Hyundai,2023,41458,Diesel,Manual,2.3,456,Pickup,Green,8,30.8,Low,1,1,0,1,48250.00853719503,105.81142223069087,20.978264581389144
Honda,2013,89037,Hybrid,Semi-Automatic,4.9,220,Coupe,Brown,8,42.4,Low,3,1,0,11,14419.762574140519,65.54437533700236,2.942808688600106
Subaru,2023,152185,LPG,Manual,1.8,422,SUV,Green,12,27.1,Low,1,0,1,1,57329.5072622869,135.8519129438078,31.849726256826052
Kia,2013,99977,Hybrid,CVT,2.4,437,Wagon,Green,12,38.1,Medium,3,0,0,11,15098.787261810285,34.5510005991082,6.291161359087619
Ford,2021,243694,Petrol,CVT,2.4,175,Pickup,Silver,4,27.4,Medium,1,1,1,3,35642.44331967438,203.6711046838536,14.851018049864324
Mazda,2010,221298,Petrol,Manual,1.0,449,Coupe,Red,4,26.7,Low,1,0,0,14,6095.628748567428,13.576010575874005,6.095628748567428
Mazda,2016,43939,Diesel,CVT,4.4,306,Hatchback,Blue,4,40.4,Low,2,0,0,8,17634.939029204106,57.630519703281394,4.007940688455479
Honda,2018,29345,Electric,Automatic,1.1,272,Coupe,Orange,8,17.0,Medium,2,0,1,6,31735.368994789904,116.67415071613935,28.850335449809002
BMW,2012,177385,Diesel,Automatic,4.8,382,Hatchback,Yellow,4,23.5,High,2,1,0,12,14025.998432935523,36.71727338464797,2.922083006861567
Kia,2021,110107,Electric,Manual,4.6,393,Convertible,Yellow,8,19.0,High,2,1,1,3,84031.45255941157,213.82048997305742,18.26770707813295
Ford,2022,121866,Hybrid,Automatic,3.1,468,Sedan,Brown,6,24.4,Medium,2,0,0,2,31891.277820697862,68.14375602713218,10.287508974418666
Subaru,2011,223437,Petrol,Automatic,3.2,456,Pickup,Red,12,19.2,Low,2,1,1,13,6828.48102952281,14.974739099830723,2.133900321725878
Mercedes-Benz,2012,231670,Electric,Semi-Automatic,3.6,197,Sedan,Gray,12,33.2,Low,2,0,0,12,34843.23726401189,176.8692246904157,9.678677017781082
Mazda,2010,69166,Hybrid,Manual,2.5,84,Coupe,Orange,6,41.9,Medium,3,0,0,14,15310.635718446867,182.26947283865317,6.124254287378747
Subaru,2015,178933,Petrol,CVT,3.6,431,SUV,Yellow,4,41.5,High,3,1,1,9,11524.344209306068,26.73861765500248,3.201206724807241
Toyota,2020,97406,Electric,Manual,1.2,322,Wagon,Black,8,24.6,Medium,2,0,1,4,70198.49390673632,218.00774505197614,58.49874492228026
Mazda,2020,49298,Diesel,Automatic,1.2,100,Hatchback,White,8,49.6,Medium,3,0,1,4,17863.408799497065,178.63408799497066,14.886173999580887
Subaru,2016,178293,Diesel,Semi-Automatic,2.8,231,Wagon,Black,8,33.8,Medium,1,0,0,8,26142.61054559597,113.17147422335917,9.336646623427132
Audi,2020,44942,Diesel,Manual,3.2,207,Sedan,Gray,12,26.0,Low,3,0,0,4,29351.055645969773,141.79253935251097,9.172204889365554
Nissan,2020,3453,Hybrid,Manual,4.6,203,SUV,Orange,4,43.4,Low,2,1,0,4,56855.62395907052,280.07696531561834,12.359918251971854
Tesla,2011,102811,Diesel,Automatic,1.4,225,SUV,Yellow,8,39.2,Low,3,0,0,13,27068.73460044093,120.3054871130708,19.334810428886378
Chevrolet,2017,54935,LPG,Automatic,4.3,356,Wagon,Brown,8,40.0,High,1,1,0,7,21532.01255618869,60.48318133760868,5.007444780508997
Nissan,2023,122439,Petrol,Manual,1.8,389,Sedan,White,8,17.8,Medium,3,0,0,1,38072.21403067166,97.87201550301198,21.15123001703981
Lexus,2015,174442,Hybrid,Automatic,2.6,473,Wagon,Blue,6,28.7,Medium,2,1,1,9,39992.451056934864,84.55063648400605,15.381711944974947
